indexId,EncodedPixel_RLE_Pred
5106-20,
5106-1,
5106-2,
5106-4,2 16382
5106-5,
5106-6,
5106-7,
5106-15,
1859-20,
1859-1,
1859-2,
1859-4,2 16382
1859-5,
1859-6,
1859-7,
1859-15,
2430-20,
2430-1,
2430-2,
2430-4,2 16382
2430-5,
2430-6,
2430-7,
2430-15,
1907-20,
1907-1,
1907-2,
1907-4,2 16382
1907-5,
1907-6,
1907-7,
1907-15,
6168-20,
6168-1,
6168-2,
6168-4,2 16382
6168-5,
6168-6,
6168-7,
6168-15,
2865-20,
2865-1,
2865-2,
2865-4,2 16382
2865-5,
2865-6,
2865-7,
2865-15,
6244-20,
6244-1,
6244-2,
6244-4,2 16382
6244-5,
6244-6,
6244-7,
6244-15,
6489-20,
6489-1,
6489-2,
6489-4,2 16382
6489-5,
6489-6,
6489-7,
6489-15,
14-20,
14-1,
14-2,
14-4,2 16382
14-5,
14-6,
14-7,
14-15,
3458-20,
3458-1,
3458-2,
3458-4,2 16382
3458-5,
3458-6,
3458-7,
3458-15,
933-20,
933-1,
933-2,
933-4,2 16382
933-5,
933-6,
933-7,
933-15,
1710-20,
1710-1,
1710-2,
1710-4,2 16382
1710-5,
1710-6,
1710-7,
1710-15,
1310-20,
1310-1,
1310-2,
1310-4,2 16382
1310-5,
1310-6,
1310-7,
1310-15,
4207-20,
4207-1,
4207-2,
4207-4,2 16382
4207-5,
4207-6,
4207-7,
4207-15,
4306-20,
4306-1,
4306-2,
4306-4,2 16382
4306-5,
4306-6,
4306-7,
4306-15,
4529-20,
4529-1,
4529-2,
4529-4,2 16382
4529-5,
4529-6,
4529-7,
4529-15,
2490-20,
2490-1,
2490-2,
2490-4,2 16382
2490-5,
2490-6,
2490-7,
2490-15,
3553-20,
3553-1,
3553-2,
3553-4,2 16382
3553-5,
3553-6,
3553-7,
3553-15,
144-20,
144-1,
144-2,
144-4,2 16382
144-5,
144-6,
144-7,
144-15,
1024-20,
1024-1,
1024-2,
1024-4,2 16382
1024-5,
1024-6,
1024-7,
1024-15,
3375-20,
3375-1,
3375-2,
3375-4,2 16382
3375-5,
3375-6,
3375-7,
3375-15,
2252-20,
2252-1,
2252-2,
2252-4,2 16382
2252-5,
2252-6,
2252-7,
2252-15,
2844-20,
2844-1,
2844-2,
2844-4,2 16382
2844-5,
2844-6,
2844-7,
2844-15,
3265-20,
3265-1,
3265-2,
3265-4,2 16382
3265-5,
3265-6,
3265-7,
3265-15,
1388-20,
1388-1,
1388-2,
1388-4,2 16382
1388-5,
1388-6,
1388-7,
1388-15,
916-20,
916-1,
916-2,
916-4,2 16382
916-5,
916-6,
916-7,
916-15,
1570-20,
1570-1,
1570-2,
1570-4,2 16382
1570-5,
1570-6,
1570-7,
1570-15,
896-20,
896-1,
896-2,
896-4,2 16382
896-5,
896-6,
896-7,
896-15,
5197-20,
5197-1,
5197-2,
5197-4,2 16382
5197-5,
5197-6,
5197-7,
5197-15,
4921-20,
4921-1,
4921-2,
4921-4,2 16382
4921-5,
4921-6,
4921-7,
4921-15,
5706-20,
5706-1,
5706-2,
5706-4,2 16382
5706-5,
5706-6,
5706-7,
5706-15,
214-20,
214-1,
214-2,
214-4,2 16382
214-5,
214-6,
214-7,
214-15,
1001-20,
1001-1,
1001-2,
1001-4,2 16382
1001-5,
1001-6,
1001-7,
1001-15,
1375-20,
1375-1,
1375-2,
1375-4,2 16382
1375-5,
1375-6,
1375-7,
1375-15,
7-20,
7-1,
7-2,
7-4,2 16382
7-5,
7-6,
7-7,
7-15,
3060-20,
3060-1,
3060-2,
3060-4,2 16382
3060-5,
3060-6,
3060-7,
3060-15,
6500-20,
6500-1,
6500-2,
6500-4,2 16382
6500-5,
6500-6,
6500-7,
6500-15,
2801-20,
2801-1,
2801-2,
2801-4,2 16382
2801-5,
2801-6,
2801-7,
2801-15,
4584-20,
4584-1,
4584-2,
4584-4,2 16382
4584-5,
4584-6,
4584-7,
4584-15,
1904-20,
1904-1,
1904-2,
1904-4,2 16382
1904-5,
1904-6,
1904-7,
1904-15,
3102-20,
3102-1,
3102-2,
3102-4,2 16382
3102-5,
3102-6,
3102-7,
3102-15,
1650-20,
1650-1,
1650-2,
1650-4,2 16382
1650-5,
1650-6,
1650-7,
1650-15,
371-20,
371-1,
371-2,
371-4,2 16382
371-5,
371-6,
371-7,
371-15,
3180-20,
3180-1,
3180-2,
3180-4,2 16382
3180-5,
3180-6,
3180-7,
3180-15,
516-20,
516-1,
516-2,
516-4,2 16382
516-5,
516-6,
516-7,
516-15,
3514-20,
3514-1,
3514-2,
3514-4,2 16382
3514-5,
3514-6,
3514-7,
3514-15,
1207-20,
1207-1,
1207-2,
1207-4,2 16382
1207-5,
1207-6,
1207-7,
1207-15,
6287-20,
6287-1,
6287-2,
6287-4,2 16382
6287-5,
6287-6,
6287-7,
6287-15,
6235-20,
6235-1,
6235-2,
6235-4,2 16382
6235-5,
6235-6,
6235-7,
6235-15,
4485-20,
4485-1,
4485-2,
4485-4,2 16382
4485-5,
4485-6,
4485-7,
4485-15,
3100-20,
3100-1,
3100-2,
3100-4,2 16382
3100-5,
3100-6,
3100-7,
3100-15,
5178-20,
5178-1,
5178-2,
5178-4,2 16382
5178-5,
5178-6,
5178-7,
5178-15,
4887-20,
4887-1,
4887-2,
4887-4,2 16382
4887-5,
4887-6,
4887-7,
4887-15,
6582-20,
6582-1,
6582-2,
6582-4,2 16382
6582-5,
6582-6,
6582-7,
6582-15,
2789-20,
2789-1,
2789-2,
2789-4,2 16382
2789-5,
2789-6,
2789-7,
2789-15,
1869-20,
1869-1,
1869-2,
1869-4,2 16382
1869-5,
1869-6,
1869-7,
1869-15,
708-20,
708-1,
708-2,
708-4,2 16382
708-5,
708-6,
708-7,
708-15,
2211-20,
2211-1,
2211-2,
2211-4,2 16382
2211-5,
2211-6,
2211-7,
2211-15,
1852-20,
1852-1,
1852-2,
1852-4,2 16382
1852-5,
1852-6,
1852-7,
1852-15,
1523-20,
1523-1,
1523-2,
1523-4,2 16382
1523-5,
1523-6,
1523-7,
1523-15,
2900-20,
2900-1,
2900-2,
2900-4,2 16382
2900-5,
2900-6,
2900-7,
2900-15,
5980-20,
5980-1,
5980-2,
5980-4,2 16382
5980-5,
5980-6,
5980-7,
5980-15,
2905-20,
2905-1,
2905-2,
2905-4,2 16382
2905-5,
2905-6,
2905-7,
2905-15,
489-20,
489-1,
489-2,
489-4,2 16382
489-5,
489-6,
489-7,
489-15,
741-20,
741-1,
741-2,
741-4,2 16382
741-5,
741-6,
741-7,
741-15,
1754-20,
1754-1,
1754-2,
1754-4,2 16382
1754-5,
1754-6,
1754-7,
1754-15,
2647-20,
2647-1,
2647-2,
2647-4,2 16382
2647-5,
2647-6,
2647-7,
2647-15,
3302-20,
3302-1,
3302-2,
3302-4,2 16382
3302-5,
3302-6,
3302-7,
3302-15,
6412-20,
6412-1,
6412-2,
6412-4,2 16382
6412-5,
6412-6,
6412-7,
6412-15,
1245-20,
1245-1,
1245-2,
1245-4,2 16382
1245-5,
1245-6,
1245-7,
1245-15,
2014-20,
2014-1,
2014-2,
2014-4,2 16382
2014-5,
2014-6,
2014-7,
2014-15,
6156-20,
6156-1,
6156-2,
6156-4,2 16382
6156-5,
6156-6,
6156-7,
6156-15,
4565-20,
4565-1,
4565-2,
4565-4,2 16382
4565-5,
4565-6,
4565-7,
4565-15,
2987-20,
2987-1,
2987-2,
2987-4,2 16382
2987-5,
2987-6,
2987-7,
2987-15,
2147-20,
2147-1,
2147-2,
2147-4,2 16382
2147-5,
2147-6,
2147-7,
2147-15,
6254-20,
6254-1,
6254-2,
6254-4,2 16382
6254-5,
6254-6,
6254-7,
6254-15,
4258-20,
4258-1,
4258-2,
4258-4,2 16382
4258-5,
4258-6,
4258-7,
4258-15,
2195-20,
2195-1,
2195-2,
2195-4,2 16382
2195-5,
2195-6,
2195-7,
2195-15,
4198-20,
4198-1,
4198-2,
4198-4,2 16382
4198-5,
4198-6,
4198-7,
4198-15,
1137-20,
1137-1,
1137-2,
1137-4,2 16382
1137-5,
1137-6,
1137-7,
1137-15,
2398-20,
2398-1,
2398-2,
2398-4,2 16382
2398-5,
2398-6,
2398-7,
2398-15,
5353-20,
5353-1,
5353-2,
5353-4,2 16382
5353-5,
5353-6,
5353-7,
5353-15,
3726-20,
3726-1,
3726-2,
3726-4,2 16382
3726-5,
3726-6,
3726-7,
3726-15,
4536-20,
4536-1,
4536-2,
4536-4,2 16382
4536-5,
4536-6,
4536-7,
4536-15,
4428-20,
4428-1,
4428-2,
4428-4,2 16382
4428-5,
4428-6,
4428-7,
4428-15,
5662-20,
5662-1,
5662-2,
5662-4,2 16382
5662-5,
5662-6,
5662-7,
5662-15,
3537-20,
3537-1,
3537-2,
3537-4,2 16382
3537-5,
3537-6,
3537-7,
3537-15,
2413-20,
2413-1,
2413-2,
2413-4,2 16382
2413-5,
2413-6,
2413-7,
2413-15,
6288-20,
6288-1,
6288-2,
6288-4,2 16382
6288-5,
6288-6,
6288-7,
6288-15,
3531-20,
3531-1,
3531-2,
3531-4,2 16382
3531-5,
3531-6,
3531-7,
3531-15,
6324-20,
6324-1,
6324-2,
6324-4,2 16382
6324-5,
6324-6,
6324-7,
6324-15,
1113-20,
1113-1,
1113-2,
1113-4,2 16382
1113-5,
1113-6,
1113-7,
1113-15,
290-20,
290-1,
290-2,
290-4,2 16382
290-5,
290-6,
290-7,
290-15,
4976-20,
4976-1,
4976-2,
4976-4,2 16382
4976-5,
4976-6,
4976-7,
4976-15,
20-20,
20-1,
20-2,
20-4,2 16382
20-5,
20-6,
20-7,
20-15,
4654-20,
4654-1,
4654-2,
4654-4,2 16382
4654-5,
4654-6,
4654-7,
4654-15,
5885-20,
5885-1,
5885-2,
5885-4,2 16382
5885-5,
5885-6,
5885-7,
5885-15,
3009-20,
3009-1,
3009-2,
3009-4,2 16382
3009-5,
3009-6,
3009-7,
3009-15,
5414-20,
5414-1,
5414-2,
5414-4,2 16382
5414-5,
5414-6,
5414-7,
5414-15,
456-20,
456-1,
456-2,
456-4,2 16382
456-5,
456-6,
456-7,
456-15,
2463-20,
2463-1,
2463-2,
2463-4,2 16382
2463-5,
2463-6,
2463-7,
2463-15,
5786-20,
5786-1,
5786-2,
5786-4,2 16382
5786-5,
5786-6,
5786-7,
5786-15,
1430-20,
1430-1,
1430-2,
1430-4,2 16382
1430-5,
1430-6,
1430-7,
1430-15,
6552-20,
6552-1,
6552-2,
6552-4,2 16382
6552-5,
6552-6,
6552-7,
6552-15,
2250-20,
2250-1,
2250-2,
2250-4,2 16382
2250-5,
2250-6,
2250-7,
2250-15,
6181-20,
6181-1,
6181-2,
6181-4,2 16382
6181-5,
6181-6,
6181-7,
6181-15,
380-20,
380-1,
380-2,
380-4,2 16382
380-5,
380-6,
380-7,
380-15,
3839-20,
3839-1,
3839-2,
3839-4,2 16382
3839-5,
3839-6,
3839-7,
3839-15,
3292-20,
3292-1,
3292-2,
3292-4,2 16382
3292-5,
3292-6,
3292-7,
3292-15,
1461-20,
1461-1,
1461-2,
1461-4,2 16382
1461-5,
1461-6,
1461-7,
1461-15,
6217-20,
6217-1,
6217-2,
6217-4,2 16382
6217-5,
6217-6,
6217-7,
6217-15,
531-20,
531-1,
531-2,
531-4,2 16382
531-5,
531-6,
531-7,
531-15,
4110-20,
4110-1,
4110-2,
4110-4,2 16382
4110-5,
4110-6,
4110-7,
4110-15,
1732-20,
1732-1,
1732-2,
1732-4,2 16382
1732-5,
1732-6,
1732-7,
1732-15,
1412-20,
1412-1,
1412-2,
1412-4,2 16382
1412-5,
1412-6,
1412-7,
1412-15,
3372-20,
3372-1,
3372-2,
3372-4,2 16382
3372-5,
3372-6,
3372-7,
3372-15,
1846-20,
1846-1,
1846-2,
1846-4,2 16382
1846-5,
1846-6,
1846-7,
1846-15,
4748-20,
4748-1,
4748-2,
4748-4,2 16382
4748-5,
4748-6,
4748-7,
4748-15,
3937-20,
3937-1,
3937-2,
3937-4,2 16382
3937-5,
3937-6,
3937-7,
3937-15,
3824-20,
3824-1,
3824-2,
3824-4,2 16382
3824-5,
3824-6,
3824-7,
3824-15,
850-20,
850-1,
850-2,
850-4,2 16382
850-5,
850-6,
850-7,
850-15,
6243-20,
6243-1,
6243-2,
6243-4,2 16382
6243-5,
6243-6,
6243-7,
6243-15,
4419-20,
4419-1,
4419-2,
4419-4,2 16382
4419-5,
4419-6,
4419-7,
4419-15,
2132-20,
2132-1,
2132-2,
2132-4,2 16382
2132-5,
2132-6,
2132-7,
2132-15,
4423-20,
4423-1,
4423-2,
4423-4,2 16382
4423-5,
4423-6,
4423-7,
4423-15,
5345-20,
5345-1,
5345-2,
5345-4,2 16382
5345-5,
5345-6,
5345-7,
5345-15,
931-20,
931-1,
931-2,
931-4,2 16382
931-5,
931-6,
931-7,
931-15,
675-20,
675-1,
675-2,
675-4,2 16382
675-5,
675-6,
675-7,
675-15,
1535-20,
1535-1,
1535-2,
1535-4,2 16382
1535-5,
1535-6,
1535-7,
1535-15,
4043-20,
4043-1,
4043-2,
4043-4,2 16382
4043-5,
4043-6,
4043-7,
4043-15,
2062-20,
2062-1,
2062-2,
2062-4,2 16382
2062-5,
2062-6,
2062-7,
2062-15,
3524-20,
3524-1,
3524-2,
3524-4,2 16382
3524-5,
3524-6,
3524-7,
3524-15,
5532-20,
5532-1,
5532-2,
5532-4,2 16382
5532-5,
5532-6,
5532-7,
5532-15,
2659-20,
2659-1,
2659-2,
2659-4,2 16382
2659-5,
2659-6,
2659-7,
2659-15,
4569-20,
4569-1,
4569-2,
4569-4,2 16382
4569-5,
4569-6,
4569-7,
4569-15,
4900-20,
4900-1,
4900-2,
4900-4,2 16382
4900-5,
4900-6,
4900-7,
4900-15,
3701-20,
3701-1,
3701-2,
3701-4,2 16382
3701-5,
3701-6,
3701-7,
3701-15,
5792-20,
5792-1,
5792-2,
5792-4,2 16382
5792-5,
5792-6,
5792-7,
5792-15,
2731-20,
2731-1,
2731-2,
2731-4,2 16382
2731-5,
2731-6,
2731-7,
2731-15,
3534-20,
3534-1,
3534-2,
3534-4,2 16382
3534-5,
3534-6,
3534-7,
3534-15,
5338-20,
5338-1,
5338-2,
5338-4,2 16382
5338-5,
5338-6,
5338-7,
5338-15,
1875-20,
1875-1,
1875-2,
1875-4,2 16382
1875-5,
1875-6,
1875-7,
1875-15,
1842-20,
1842-1,
1842-2,
1842-4,2 16382
1842-5,
1842-6,
1842-7,
1842-15,
182-20,
182-1,
182-2,
182-4,2 16382
182-5,
182-6,
182-7,
182-15,
243-20,
243-1,
243-2,
243-4,2 16382
243-5,
243-6,
243-7,
243-15,
1668-20,
1668-1,
1668-2,
1668-4,2 16382
1668-5,
1668-6,
1668-7,
1668-15,
4448-20,
4448-1,
4448-2,
4448-4,2 16382
4448-5,
4448-6,
4448-7,
4448-15,
5897-20,
5897-1,
5897-2,
5897-4,2 16382
5897-5,
5897-6,
5897-7,
5897-15,
870-20,
870-1,
870-2,
870-4,2 16382
870-5,
870-6,
870-7,
870-15,
4610-20,
4610-1,
4610-2,
4610-4,2 16382
4610-5,
4610-6,
4610-7,
4610-15,
2077-20,
2077-1,
2077-2,
2077-4,2 16382
2077-5,
2077-6,
2077-7,
2077-15,
3860-20,
3860-1,
3860-2,
3860-4,2 16382
3860-5,
3860-6,
3860-7,
3860-15,
3426-20,
3426-1,
3426-2,
3426-4,2 16382
3426-5,
3426-6,
3426-7,
3426-15,
6097-20,
6097-1,
6097-2,
6097-4,2 16382
6097-5,
6097-6,
6097-7,
6097-15,
6537-20,
6537-1,
6537-2,
6537-4,2 16382
6537-5,
6537-6,
6537-7,
6537-15,
1251-20,
1251-1,
1251-2,
1251-4,2 16382
1251-5,
1251-6,
1251-7,
1251-15,
2774-20,
2774-1,
2774-2,
2774-4,2 16382
2774-5,
2774-6,
2774-7,
2774-15,
3795-20,
3795-1,
3795-2,
3795-4,2 16382
3795-5,
3795-6,
3795-7,
3795-15,
2078-20,
2078-1,
2078-2,
2078-4,2 16382
2078-5,
2078-6,
2078-7,
2078-15,
4422-20,
4422-1,
4422-2,
4422-4,2 16382
4422-5,
4422-6,
4422-7,
4422-15,
5614-20,
5614-1,
5614-2,
5614-4,2 16382
5614-5,
5614-6,
5614-7,
5614-15,
2128-20,
2128-1,
2128-2,
2128-4,2 16382
2128-5,
2128-6,
2128-7,
2128-15,
3956-20,
3956-1,
3956-2,
3956-4,2 16382
3956-5,
3956-6,
3956-7,
3956-15,
2411-20,
2411-1,
2411-2,
2411-4,2 16382
2411-5,
2411-6,
2411-7,
2411-15,
1872-20,
1872-1,
1872-2,
1872-4,2 16382
1872-5,
1872-6,
1872-7,
1872-15,
64-20,
64-1,
64-2,
64-4,2 16382
64-5,
64-6,
64-7,
64-15,
1931-20,
1931-1,
1931-2,
1931-4,2 16382
1931-5,
1931-6,
1931-7,
1931-15,
3883-20,
3883-1,
3883-2,
3883-4,2 16382
3883-5,
3883-6,
3883-7,
3883-15,
3129-20,
3129-1,
3129-2,
3129-4,2 16382
3129-5,
3129-6,
3129-7,
3129-15,
3205-20,
3205-1,
3205-2,
3205-4,2 16382
3205-5,
3205-6,
3205-7,
3205-15,
5956-20,
5956-1,
5956-2,
5956-4,2 16382
5956-5,
5956-6,
5956-7,
5956-15,
2637-20,
2637-1,
2637-2,
2637-4,2 16382
2637-5,
2637-6,
2637-7,
2637-15,
1240-20,
1240-1,
1240-2,
1240-4,2 16382
1240-5,
1240-6,
1240-7,
1240-15,
1311-20,
1311-1,
1311-2,
1311-4,2 16382
1311-5,
1311-6,
1311-7,
1311-15,
4051-20,
4051-1,
4051-2,
4051-4,2 16382
4051-5,
4051-6,
4051-7,
4051-15,
2437-20,
2437-1,
2437-2,
2437-4,2 16382
2437-5,
2437-6,
2437-7,
2437-15,
4072-20,
4072-1,
4072-2,
4072-4,2 16382
4072-5,
4072-6,
4072-7,
4072-15,
5978-20,
5978-1,
5978-2,
5978-4,2 16382
5978-5,
5978-6,
5978-7,
5978-15,
4206-20,
4206-1,
4206-2,
4206-4,2 16382
4206-5,
4206-6,
4206-7,
4206-15,
6497-20,
6497-1,
6497-2,
6497-4,2 16382
6497-5,
6497-6,
6497-7,
6497-15,
6039-20,
6039-1,
6039-2,
6039-4,2 16382
6039-5,
6039-6,
6039-7,
6039-15,
5501-20,
5501-1,
5501-2,
5501-4,2 16382
5501-5,
5501-6,
5501-7,
5501-15,
6474-20,
6474-1,
6474-2,
6474-4,2 16382
6474-5,
6474-6,
6474-7,
6474-15,
5259-20,
5259-1,
5259-2,
5259-4,2 16382
5259-5,
5259-6,
5259-7,
5259-15,
3923-20,
3923-1,
3923-2,
3923-4,2 16382
3923-5,
3923-6,
3923-7,
3923-15,
3262-20,
3262-1,
3262-2,
3262-4,2 16382
3262-5,
3262-6,
3262-7,
3262-15,
4075-20,
4075-1,
4075-2,
4075-4,2 16382
4075-5,
4075-6,
4075-7,
4075-15,
1801-20,
1801-1,
1801-2,
1801-4,2 16382
1801-5,
1801-6,
1801-7,
1801-15,
3846-20,
3846-1,
3846-2,
3846-4,2 16382
3846-5,
3846-6,
3846-7,
3846-15,
6402-20,
6402-1,
6402-2,
6402-4,2 16382
6402-5,
6402-6,
6402-7,
6402-15,
1906-20,
1906-1,
1906-2,
1906-4,2 16382
1906-5,
1906-6,
1906-7,
1906-15,
5022-20,
5022-1,
5022-2,
5022-4,2 16382
5022-5,
5022-6,
5022-7,
5022-15,
1111-20,
1111-1,
1111-2,
1111-4,2 16382
1111-5,
1111-6,
1111-7,
1111-15,
1314-20,
1314-1,
1314-2,
1314-4,2 16382
1314-5,
1314-6,
1314-7,
1314-15,
402-20,
402-1,
402-2,
402-4,2 16382
402-5,
402-6,
402-7,
402-15,
482-20,
482-1,
482-2,
482-4,2 16382
482-5,
482-6,
482-7,
482-15,
2873-20,
2873-1,
2873-2,
2873-4,2 16382
2873-5,
2873-6,
2873-7,
2873-15,
3169-20,
3169-1,
3169-2,
3169-4,2 16382
3169-5,
3169-6,
3169-7,
3169-15,
212-20,
212-1,
212-2,
212-4,2 16382
212-5,
212-6,
212-7,
212-15,
5604-20,
5604-1,
5604-2,
5604-4,2 16382
5604-5,
5604-6,
5604-7,
5604-15,
3679-20,
3679-1,
3679-2,
3679-4,2 16382
3679-5,
3679-6,
3679-7,
3679-15,
559-20,
559-1,
559-2,
559-4,2 16382
559-5,
559-6,
559-7,
559-15,
3525-20,
3525-1,
3525-2,
3525-4,2 16382
3525-5,
3525-6,
3525-7,
3525-15,
5871-20,
5871-1,
5871-2,
5871-4,2 16382
5871-5,
5871-6,
5871-7,
5871-15,
2944-20,
2944-1,
2944-2,
2944-4,2 16382
2944-5,
2944-6,
2944-7,
2944-15,
4503-20,
4503-1,
4503-2,
4503-4,2 16382
4503-5,
4503-6,
4503-7,
4503-15,
986-20,
986-1,
986-2,
986-4,2 16382
986-5,
986-6,
986-7,
986-15,
2903-20,
2903-1,
2903-2,
2903-4,2 16382
2903-5,
2903-6,
2903-7,
2903-15,
1627-20,
1627-1,
1627-2,
1627-4,2 16382
1627-5,
1627-6,
1627-7,
1627-15,
3175-20,
3175-1,
3175-2,
3175-4,2 16382
3175-5,
3175-6,
3175-7,
3175-15,
4861-20,
4861-1,
4861-2,
4861-4,2 16382
4861-5,
4861-6,
4861-7,
4861-15,
3799-20,
3799-1,
3799-2,
3799-4,2 16382
3799-5,
3799-6,
3799-7,
3799-15,
357-20,
357-1,
357-2,
357-4,2 16382
357-5,
357-6,
357-7,
357-15,
891-20,
891-1,
891-2,
891-4,2 16382
891-5,
891-6,
891-7,
891-15,
4184-20,
4184-1,
4184-2,
4184-4,2 16382
4184-5,
4184-6,
4184-7,
4184-15,
1839-20,
1839-1,
1839-2,
1839-4,2 16382
1839-5,
1839-6,
1839-7,
1839-15,
6002-20,
6002-1,
6002-2,
6002-4,2 16382
6002-5,
6002-6,
6002-7,
6002-15,
5003-20,
5003-1,
5003-2,
5003-4,2 16382
5003-5,
5003-6,
5003-7,
5003-15,
4420-20,
4420-1,
4420-2,
4420-4,2 16382
4420-5,
4420-6,
4420-7,
4420-15,
4242-20,
4242-1,
4242-2,
4242-4,2 16382
4242-5,
4242-6,
4242-7,
4242-15,
6051-20,
6051-1,
6051-2,
6051-4,2 16382
6051-5,
6051-6,
6051-7,
6051-15,
6071-20,
6071-1,
6071-2,
6071-4,2 16382
6071-5,
6071-6,
6071-7,
6071-15,
3252-20,
3252-1,
3252-2,
3252-4,2 16382
3252-5,
3252-6,
3252-7,
3252-15,
1205-20,
1205-1,
1205-2,
1205-4,2 16382
1205-5,
1205-6,
1205-7,
1205-15,
468-20,
468-1,
468-2,
468-4,2 16382
468-5,
468-6,
468-7,
468-15,
5705-20,
5705-1,
5705-2,
5705-4,2 16382
5705-5,
5705-6,
5705-7,
5705-15,
2793-20,
2793-1,
2793-2,
2793-4,2 16382
2793-5,
2793-6,
2793-7,
2793-15,
1586-20,
1586-1,
1586-2,
1586-4,2 16382
1586-5,
1586-6,
1586-7,
1586-15,
4498-20,
4498-1,
4498-2,
4498-4,2 16382
4498-5,
4498-6,
4498-7,
4498-15,
3340-20,
3340-1,
3340-2,
3340-4,2 16382
3340-5,
3340-6,
3340-7,
3340-15,
5653-20,
5653-1,
5653-2,
5653-4,2 16382
5653-5,
5653-6,
5653-7,
5653-15,
4002-20,
4002-1,
4002-2,
4002-4,2 16382
4002-5,
4002-6,
4002-7,
4002-15,
519-20,
519-1,
519-2,
519-4,2 16382
519-5,
519-6,
519-7,
519-15,
6424-20,
6424-1,
6424-2,
6424-4,2 16382
6424-5,
6424-6,
6424-7,
6424-15,
1769-20,
1769-1,
1769-2,
1769-4,2 16382
1769-5,
1769-6,
1769-7,
1769-15,
3414-20,
3414-1,
3414-2,
3414-4,2 16382
3414-5,
3414-6,
3414-7,
3414-15,
6421-20,
6421-1,
6421-2,
6421-4,2 16382
6421-5,
6421-6,
6421-7,
6421-15,
5905-20,
5905-1,
5905-2,
5905-4,2 16382
5905-5,
5905-6,
5905-7,
5905-15,
2267-20,
2267-1,
2267-2,
2267-4,2 16382
2267-5,
2267-6,
2267-7,
2267-15,
3931-20,
3931-1,
3931-2,
3931-4,2 16382
3931-5,
3931-6,
3931-7,
3931-15,
1413-20,
1413-1,
1413-2,
1413-4,2 16382
1413-5,
1413-6,
1413-7,
1413-15,
2155-20,
2155-1,
2155-2,
2155-4,2 16382
2155-5,
2155-6,
2155-7,
2155-15,
3617-20,
3617-1,
3617-2,
3617-4,2 16382
3617-5,
3617-6,
3617-7,
3617-15,
5322-20,
5322-1,
5322-2,
5322-4,2 16382
5322-5,
5322-6,
5322-7,
5322-15,
4034-20,
4034-1,
4034-2,
4034-4,2 16382
4034-5,
4034-6,
4034-7,
4034-15,
1552-20,
1552-1,
1552-2,
1552-4,2 16382
1552-5,
1552-6,
1552-7,
1552-15,
3021-20,
3021-1,
3021-2,
3021-4,2 16382
3021-5,
3021-6,
3021-7,
3021-15,
4478-20,
4478-1,
4478-2,
4478-4,2 16382
4478-5,
4478-6,
4478-7,
4478-15,
1315-20,
1315-1,
1315-2,
1315-4,2 16382
1315-5,
1315-6,
1315-7,
1315-15,
4015-20,
4015-1,
4015-2,
4015-4,2 16382
4015-5,
4015-6,
4015-7,
4015-15,
3193-20,
3193-1,
3193-2,
3193-4,2 16382
3193-5,
3193-6,
3193-7,
3193-15,
2763-20,
2763-1,
2763-2,
2763-4,2 16382
2763-5,
2763-6,
2763-7,
2763-15,
1348-20,
1348-1,
1348-2,
1348-4,2 16382
1348-5,
1348-6,
1348-7,
1348-15,
955-20,
955-1,
955-2,
955-4,2 16382
955-5,
955-6,
955-7,
955-15,
4863-20,
4863-1,
4863-2,
4863-4,2 16382
4863-5,
4863-6,
4863-7,
4863-15,
5101-20,
5101-1,
5101-2,
5101-4,2 16382
5101-5,
5101-6,
5101-7,
5101-15,
325-20,
325-1,
325-2,
325-4,2 16382
325-5,
325-6,
325-7,
325-15,
6362-20,
6362-1,
6362-2,
6362-4,2 16382
6362-5,
6362-6,
6362-7,
6362-15,
3179-20,
3179-1,
3179-2,
3179-4,2 16382
3179-5,
3179-6,
3179-7,
3179-15,
5590-20,
5590-1,
5590-2,
5590-4,2 16382
5590-5,
5590-6,
5590-7,
5590-15,
853-20,
853-1,
853-2,
853-4,2 16382
853-5,
853-6,
853-7,
853-15,
1283-20,
1283-1,
1283-2,
1283-4,2 16382
1283-5,
1283-6,
1283-7,
1283-15,
1633-20,
1633-1,
1633-2,
1633-4,2 16382
1633-5,
1633-6,
1633-7,
1633-15,
5707-20,
5707-1,
5707-2,
5707-4,2 16382
5707-5,
5707-6,
5707-7,
5707-15,
1829-20,
1829-1,
1829-2,
1829-4,2 16382
1829-5,
1829-6,
1829-7,
1829-15,
2106-20,
2106-1,
2106-2,
2106-4,2 16382
2106-5,
2106-6,
2106-7,
2106-15,
2159-20,
2159-1,
2159-2,
2159-4,2 16382
2159-5,
2159-6,
2159-7,
2159-15,
3699-20,
3699-1,
3699-2,
3699-4,2 16382
3699-5,
3699-6,
3699-7,
3699-15,
1565-20,
1565-1,
1565-2,
1565-4,2 16382
1565-5,
1565-6,
1565-7,
1565-15,
1030-20,
1030-1,
1030-2,
1030-4,2 16382
1030-5,
1030-6,
1030-7,
1030-15,
2795-20,
2795-1,
2795-2,
2795-4,2 16382
2795-5,
2795-6,
2795-7,
2795-15,
6016-20,
6016-1,
6016-2,
6016-4,2 16382
6016-5,
6016-6,
6016-7,
6016-15,
2841-20,
2841-1,
2841-2,
2841-4,2 16382
2841-5,
2841-6,
2841-7,
2841-15,
2005-20,
2005-1,
2005-2,
2005-4,2 16382
2005-5,
2005-6,
2005-7,
2005-15,
245-20,
245-1,
245-2,
245-4,2 16382
245-5,
245-6,
245-7,
245-15,
30-20,
30-1,
30-2,
30-4,2 16382
30-5,
30-6,
30-7,
30-15,
2657-20,
2657-1,
2657-2,
2657-4,2 16382
2657-5,
2657-6,
2657-7,
2657-15,
2117-20,
2117-1,
2117-2,
2117-4,2 16382
2117-5,
2117-6,
2117-7,
2117-15,
2592-20,
2592-1,
2592-2,
2592-4,2 16382
2592-5,
2592-6,
2592-7,
2592-15,
3114-20,
3114-1,
3114-2,
3114-4,2 16382
3114-5,
3114-6,
3114-7,
3114-15,
2415-20,
2415-1,
2415-2,
2415-4,2 16382
2415-5,
2415-6,
2415-7,
2415-15,
538-20,
538-1,
538-2,
538-4,2 16382
538-5,
538-6,
538-7,
538-15,
4664-20,
4664-1,
4664-2,
4664-4,2 16382
4664-5,
4664-6,
4664-7,
4664-15,
3349-20,
3349-1,
3349-2,
3349-4,2 16382
3349-5,
3349-6,
3349-7,
3349-15,
3099-20,
3099-1,
3099-2,
3099-4,2 16382
3099-5,
3099-6,
3099-7,
3099-15,
1504-20,
1504-1,
1504-2,
1504-4,2 16382
1504-5,
1504-6,
1504-7,
1504-15,
3018-20,
3018-1,
3018-2,
3018-4,2 16382
3018-5,
3018-6,
3018-7,
3018-15,
2957-20,
2957-1,
2957-2,
2957-4,2 16382
2957-5,
2957-6,
2957-7,
2957-15,
4259-20,
4259-1,
4259-2,
4259-4,2 16382
4259-5,
4259-6,
4259-7,
4259-15,
6320-20,
6320-1,
6320-2,
6320-4,2 16382
6320-5,
6320-6,
6320-7,
6320-15,
5783-20,
5783-1,
5783-2,
5783-4,2 16382
5783-5,
5783-6,
5783-7,
5783-15,
5888-20,
5888-1,
5888-2,
5888-4,2 16382
5888-5,
5888-6,
5888-7,
5888-15,
765-20,
765-1,
765-2,
765-4,2 16382
765-5,
765-6,
765-7,
765-15,
5857-20,
5857-1,
5857-2,
5857-4,2 16382
5857-5,
5857-6,
5857-7,
5857-15,
172-20,
172-1,
172-2,
172-4,2 16382
172-5,
172-6,
172-7,
172-15,
2425-20,
2425-1,
2425-2,
2425-4,2 16382
2425-5,
2425-6,
2425-7,
2425-15,
4667-20,
4667-1,
4667-2,
4667-4,2 16382
4667-5,
4667-6,
4667-7,
4667-15,
1522-20,
1522-1,
1522-2,
1522-4,2 16382
1522-5,
1522-6,
1522-7,
1522-15,
3593-20,
3593-1,
3593-2,
3593-4,2 16382
3593-5,
3593-6,
3593-7,
3593-15,
5229-20,
5229-1,
5229-2,
5229-4,2 16382
5229-5,
5229-6,
5229-7,
5229-15,
6417-20,
6417-1,
6417-2,
6417-4,2 16382
6417-5,
6417-6,
6417-7,
6417-15,
4672-20,
4672-1,
4672-2,
4672-4,2 16382
4672-5,
4672-6,
4672-7,
4672-15,
5188-20,
5188-1,
5188-2,
5188-4,2 16382
5188-5,
5188-6,
5188-7,
5188-15,
734-20,
734-1,
734-2,
734-4,2 16382
734-5,
734-6,
734-7,
734-15,
5799-20,
5799-1,
5799-2,
5799-4,2 16382
5799-5,
5799-6,
5799-7,
5799-15,
83-20,
83-1,
83-2,
83-4,2 16382
83-5,
83-6,
83-7,
83-15,
4232-20,
4232-1,
4232-2,
4232-4,2 16382
4232-5,
4232-6,
4232-7,
4232-15,
977-20,
977-1,
977-2,
977-4,2 16382
977-5,
977-6,
977-7,
977-15,
123-20,
123-1,
123-2,
123-4,2 16382
123-5,
123-6,
123-7,
123-15,
1336-20,
1336-1,
1336-2,
1336-4,2 16382
1336-5,
1336-6,
1336-7,
1336-15,
4692-20,
4692-1,
4692-2,
4692-4,2 16382
4692-5,
4692-6,
4692-7,
4692-15,
6215-20,
6215-1,
6215-2,
6215-4,2 16382
6215-5,
6215-6,
6215-7,
6215-15,
6351-20,
6351-1,
6351-2,
6351-4,2 16382
6351-5,
6351-6,
6351-7,
6351-15,
3177-20,
3177-1,
3177-2,
3177-4,2 16382
3177-5,
3177-6,
3177-7,
3177-15,
624-20,
624-1,
624-2,
624-4,2 16382
624-5,
624-6,
624-7,
624-15,
1026-20,
1026-1,
1026-2,
1026-4,2 16382
1026-5,
1026-6,
1026-7,
1026-15,
3444-20,
3444-1,
3444-2,
3444-4,2 16382
3444-5,
3444-6,
3444-7,
3444-15,
3588-20,
3588-1,
3588-2,
3588-4,2 16382
3588-5,
3588-6,
3588-7,
3588-15,
2188-20,
2188-1,
2188-2,
2188-4,2 16382
2188-5,
2188-6,
2188-7,
2188-15,
2751-20,
2751-1,
2751-2,
2751-4,2 16382
2751-5,
2751-6,
2751-7,
2751-15,
6384-20,
6384-1,
6384-2,
6384-4,2 16382
6384-5,
6384-6,
6384-7,
6384-15,
1723-20,
1723-1,
1723-2,
1723-4,2 16382
1723-5,
1723-6,
1723-7,
1723-15,
6482-20,
6482-1,
6482-2,
6482-4,2 16382
6482-5,
6482-6,
6482-7,
6482-15,
807-20,
807-1,
807-2,
807-4,2 16382
807-5,
807-6,
807-7,
807-15,
4078-20,
4078-1,
4078-2,
4078-4,2 16382
4078-5,
4078-6,
4078-7,
4078-15,
3314-20,
3314-1,
3314-2,
3314-4,2 16382
3314-5,
3314-6,
3314-7,
3314-15,
5993-20,
5993-1,
5993-2,
5993-4,2 16382
5993-5,
5993-6,
5993-7,
5993-15,
4870-20,
4870-1,
4870-2,
4870-4,2 16382
4870-5,
4870-6,
4870-7,
4870-15,
1360-20,
1360-1,
1360-2,
1360-4,2 16382
1360-5,
1360-6,
1360-7,
1360-15,
641-20,
641-1,
641-2,
641-4,2 16382
641-5,
641-6,
641-7,
641-15,
3530-20,
3530-1,
3530-2,
3530-4,2 16382
3530-5,
3530-6,
3530-7,
3530-15,
3404-20,
3404-1,
3404-2,
3404-4,2 16382
3404-5,
3404-6,
3404-7,
3404-15,
240-20,
240-1,
240-2,
240-4,2 16382
240-5,
240-6,
240-7,
240-15,
318-20,
318-1,
318-2,
318-4,2 16382
318-5,
318-6,
318-7,
318-15,
798-20,
798-1,
798-2,
798-4,2 16382
798-5,
798-6,
798-7,
798-15,
999-20,
999-1,
999-2,
999-4,2 16382
999-5,
999-6,
999-7,
999-15,
6534-20,
6534-1,
6534-2,
6534-4,2 16382
6534-5,
6534-6,
6534-7,
6534-15,
1259-20,
1259-1,
1259-2,
1259-4,2 16382
1259-5,
1259-6,
1259-7,
1259-15,
1488-20,
1488-1,
1488-2,
1488-4,2 16382
1488-5,
1488-6,
1488-7,
1488-15,
6508-20,
6508-1,
6508-2,
6508-4,2 16382
6508-5,
6508-6,
6508-7,
6508-15,
3929-20,
3929-1,
3929-2,
3929-4,2 16382
3929-5,
3929-6,
3929-7,
3929-15,
2111-20,
2111-1,
2111-2,
2111-4,2 16382
2111-5,
2111-6,
2111-7,
2111-15,
4711-20,
4711-1,
4711-2,
4711-4,2 16382
4711-5,
4711-6,
4711-7,
4711-15,
2881-20,
2881-1,
2881-2,
2881-4,2 16382
2881-5,
2881-6,
2881-7,
2881-15,
3198-20,
3198-1,
3198-2,
3198-4,2 16382
3198-5,
3198-6,
3198-7,
3198-15,
2993-20,
2993-1,
2993-2,
2993-4,2 16382
2993-5,
2993-6,
2993-7,
2993-15,
5472-20,
5472-1,
5472-2,
5472-4,2 16382
5472-5,
5472-6,
5472-7,
5472-15,
6238-20,
6238-1,
6238-2,
6238-4,2 16382
6238-5,
6238-6,
6238-7,
6238-15,
3168-20,
3168-1,
3168-2,
3168-4,2 16382
3168-5,
3168-6,
3168-7,
3168-15,
6281-20,
6281-1,
6281-2,
6281-4,2 16382
6281-5,
6281-6,
6281-7,
6281-15,
361-20,
361-1,
361-2,
361-4,2 16382
361-5,
361-6,
361-7,
361-15,
4558-20,
4558-1,
4558-2,
4558-4,2 16382
4558-5,
4558-6,
4558-7,
4558-15,
5302-20,
5302-1,
5302-2,
5302-4,2 16382
5302-5,
5302-6,
5302-7,
5302-15,
329-20,
329-1,
329-2,
329-4,2 16382
329-5,
329-6,
329-7,
329-15,
5236-20,
5236-1,
5236-2,
5236-4,2 16382
5236-5,
5236-6,
5236-7,
5236-15,
4138-20,
4138-1,
4138-2,
4138-4,2 16382
4138-5,
4138-6,
4138-7,
4138-15,
3964-20,
3964-1,
3964-2,
3964-4,2 16382
3964-5,
3964-6,
3964-7,
3964-15,
5462-20,
5462-1,
5462-2,
5462-4,2 16382
5462-5,
5462-6,
5462-7,
5462-15,
1355-20,
1355-1,
1355-2,
1355-4,2 16382
1355-5,
1355-6,
1355-7,
1355-15,
6558-20,
6558-1,
6558-2,
6558-4,2 16382
6558-5,
6558-6,
6558-7,
6558-15,
404-20,
404-1,
404-2,
404-4,2 16382
404-5,
404-6,
404-7,
404-15,
1005-20,
1005-1,
1005-2,
1005-4,2 16382
1005-5,
1005-6,
1005-7,
1005-15,
2549-20,
2549-1,
2549-2,
2549-4,2 16382
2549-5,
2549-6,
2549-7,
2549-15,
5331-20,
5331-1,
5331-2,
5331-4,2 16382
5331-5,
5331-6,
5331-7,
5331-15,
2347-20,
2347-1,
2347-2,
2347-4,2 16382
2347-5,
2347-6,
2347-7,
2347-15,
1303-20,
1303-1,
1303-2,
1303-4,2 16382
1303-5,
1303-6,
1303-7,
1303-15,
2630-20,
2630-1,
2630-2,
2630-4,2 16382
2630-5,
2630-6,
2630-7,
2630-15,
4203-20,
4203-1,
4203-2,
4203-4,2 16382
4203-5,
4203-6,
4203-7,
4203-15,
286-20,
286-1,
286-2,
286-4,2 16382
286-5,
286-6,
286-7,
286-15,
470-20,
470-1,
470-2,
470-4,2 16382
470-5,
470-6,
470-7,
470-15,
811-20,
811-1,
811-2,
811-4,2 16382
811-5,
811-6,
811-7,
811-15,
5030-20,
5030-1,
5030-2,
5030-4,2 16382
5030-5,
5030-6,
5030-7,
5030-15,
5444-20,
5444-1,
5444-2,
5444-4,2 16382
5444-5,
5444-6,
5444-7,
5444-15,
1462-20,
1462-1,
1462-2,
1462-4,2 16382
1462-5,
1462-6,
1462-7,
1462-15,
584-20,
584-1,
584-2,
584-4,2 16382
584-5,
584-6,
584-7,
584-15,
897-20,
897-1,
897-2,
897-4,2 16382
897-5,
897-6,
897-7,
897-15,
3097-20,
3097-1,
3097-2,
3097-4,2 16382
3097-5,
3097-6,
3097-7,
3097-15,
61-20,
61-1,
61-2,
61-4,2 16382
61-5,
61-6,
61-7,
61-15,
3994-20,
3994-1,
3994-2,
3994-4,2 16382
3994-5,
3994-6,
3994-7,
3994-15,
1495-20,
1495-1,
1495-2,
1495-4,2 16382
1495-5,
1495-6,
1495-7,
1495-15,
4298-20,
4298-1,
4298-2,
4298-4,2 16382
4298-5,
4298-6,
4298-7,
4298-15,
6-20,
6-1,
6-2,
6-4,2 16382
6-5,
6-6,
6-7,
6-15,
3776-20,
3776-1,
3776-2,
3776-4,2 16382
3776-5,
3776-6,
3776-7,
3776-15,
3356-20,
3356-1,
3356-2,
3356-4,2 16382
3356-5,
3356-6,
3356-7,
3356-15,
2224-20,
2224-1,
2224-2,
2224-4,2 16382
2224-5,
2224-6,
2224-7,
2224-15,
6262-20,
6262-1,
6262-2,
6262-4,2 16382
6262-5,
6262-6,
6262-7,
6262-15,
3601-20,
3601-1,
3601-2,
3601-4,2 16382
3601-5,
3601-6,
3601-7,
3601-15,
4881-20,
4881-1,
4881-2,
4881-4,2 16382
4881-5,
4881-6,
4881-7,
4881-15,
6576-20,
6576-1,
6576-2,
6576-4,2 16382
6576-5,
6576-6,
6576-7,
6576-15,
3416-20,
3416-1,
3416-2,
3416-4,2 16382
3416-5,
3416-6,
3416-7,
3416-15,
1843-20,
1843-1,
1843-2,
1843-4,2 16382
1843-5,
1843-6,
1843-7,
1843-15,
3474-20,
3474-1,
3474-2,
3474-4,2 16382
3474-5,
3474-6,
3474-7,
3474-15,
3771-20,
3771-1,
3771-2,
3771-4,2 16382
3771-5,
3771-6,
3771-7,
3771-15,
4119-20,
4119-1,
4119-2,
4119-4,2 16382
4119-5,
4119-6,
4119-7,
4119-15,
4106-20,
4106-1,
4106-2,
4106-4,2 16382
4106-5,
4106-6,
4106-7,
4106-15,
2263-20,
2263-1,
2263-2,
2263-4,2 16382
2263-5,
2263-6,
2263-7,
2263-15,
3689-20,
3689-1,
3689-2,
3689-4,2 16382
3689-5,
3689-6,
3689-7,
3689-15,
4628-20,
4628-1,
4628-2,
4628-4,2 16382
4628-5,
4628-6,
4628-7,
4628-15,
3242-20,
3242-1,
3242-2,
3242-4,2 16382
3242-5,
3242-6,
3242-7,
3242-15,
5787-20,
5787-1,
5787-2,
5787-4,2 16382
5787-5,
5787-6,
5787-7,
5787-15,
4063-20,
4063-1,
4063-2,
4063-4,2 16382
4063-5,
4063-6,
4063-7,
4063-15,
2060-20,
2060-1,
2060-2,
2060-4,2 16382
2060-5,
2060-6,
2060-7,
2060-15,
4352-20,
4352-1,
4352-2,
4352-4,2 16382
4352-5,
4352-6,
4352-7,
4352-15,
1254-20,
1254-1,
1254-2,
1254-4,2 16382
1254-5,
1254-6,
1254-7,
1254-15,
2794-20,
2794-1,
2794-2,
2794-4,2 16382
2794-5,
2794-6,
2794-7,
2794-15,
1964-20,
1964-1,
1964-2,
1964-4,2 16382
1964-5,
1964-6,
1964-7,
1964-15,
1820-20,
1820-1,
1820-2,
1820-4,2 16382
1820-5,
1820-6,
1820-7,
1820-15,
217-20,
217-1,
217-2,
217-4,2 16382
217-5,
217-6,
217-7,
217-15,
1029-20,
1029-1,
1029-2,
1029-4,2 16382
1029-5,
1029-6,
1029-7,
1029-15,
5429-20,
5429-1,
5429-2,
5429-4,2 16382
5429-5,
5429-6,
5429-7,
5429-15,
6631-20,
6631-1,
6631-2,
6631-4,2 16382
6631-5,
6631-6,
6631-7,
6631-15,
2556-20,
2556-1,
2556-2,
2556-4,2 16382
2556-5,
2556-6,
2556-7,
2556-15,
4041-20,
4041-1,
4041-2,
4041-4,2 16382
4041-5,
4041-6,
4041-7,
4041-15,
781-20,
781-1,
781-2,
781-4,2 16382
781-5,
781-6,
781-7,
781-15,
6556-20,
6556-1,
6556-2,
6556-4,2 16382
6556-5,
6556-6,
6556-7,
6556-15,
3895-20,
3895-1,
3895-2,
3895-4,2 16382
3895-5,
3895-6,
3895-7,
3895-15,
1548-20,
1548-1,
1548-2,
1548-4,2 16382
1548-5,
1548-6,
1548-7,
1548-15,
189-20,
189-1,
189-2,
189-4,2 16382
189-5,
189-6,
189-7,
189-15,
6343-20,
6343-1,
6343-2,
6343-4,2 16382
6343-5,
6343-6,
6343-7,
6343-15,
1365-20,
1365-1,
1365-2,
1365-4,2 16382
1365-5,
1365-6,
1365-7,
1365-15,
5214-20,
5214-1,
5214-2,
5214-4,2 16382
5214-5,
5214-6,
5214-7,
5214-15,
6589-20,
6589-1,
6589-2,
6589-4,2 16382
6589-5,
6589-6,
6589-7,
6589-15,
860-20,
860-1,
860-2,
860-4,2 16382
860-5,
860-6,
860-7,
860-15,
3139-20,
3139-1,
3139-2,
3139-4,2 16382
3139-5,
3139-6,
3139-7,
3139-15,
857-20,
857-1,
857-2,
857-4,2 16382
857-5,
857-6,
857-7,
857-15,
728-20,
728-1,
728-2,
728-4,2 16382
728-5,
728-6,
728-7,
728-15,
4489-20,
4489-1,
4489-2,
4489-4,2 16382
4489-5,
4489-6,
4489-7,
4489-15,
5791-20,
5791-1,
5791-2,
5791-4,2 16382
5791-5,
5791-6,
5791-7,
5791-15,
1435-20,
1435-1,
1435-2,
1435-4,2 16382
1435-5,
1435-6,
1435-7,
1435-15,
454-20,
454-1,
454-2,
454-4,2 16382
454-5,
454-6,
454-7,
454-15,
2326-20,
2326-1,
2326-2,
2326-4,2 16382
2326-5,
2326-6,
2326-7,
2326-15,
3361-20,
3361-1,
3361-2,
3361-4,2 16382
3361-5,
3361-6,
3361-7,
3361-15,
1480-20,
1480-1,
1480-2,
1480-4,2 16382
1480-5,
1480-6,
1480-7,
1480-15,
1551-20,
1551-1,
1551-2,
1551-4,2 16382
1551-5,
1551-6,
1551-7,
1551-15,
6276-20,
6276-1,
6276-2,
6276-4,2 16382
6276-5,
6276-6,
6276-7,
6276-15,
3282-20,
3282-1,
3282-2,
3282-4,2 16382
3282-5,
3282-6,
3282-7,
3282-15,
1949-20,
1949-1,
1949-2,
1949-4,2 16382
1949-5,
1949-6,
1949-7,
1949-15,
3159-20,
3159-1,
3159-2,
3159-4,2 16382
3159-5,
3159-6,
3159-7,
3159-15,
2093-20,
2093-1,
2093-2,
2093-4,2 16382
2093-5,
2093-6,
2093-7,
2093-15,
1501-20,
1501-1,
1501-2,
1501-4,2 16382
1501-5,
1501-6,
1501-7,
1501-15,
4935-20,
4935-1,
4935-2,
4935-4,2 16382
4935-5,
4935-6,
4935-7,
4935-15,
4153-20,
4153-1,
4153-2,
4153-4,2 16382
4153-5,
4153-6,
4153-7,
4153-15,
867-20,
867-1,
867-2,
867-4,2 16382
867-5,
867-6,
867-7,
867-15,
4287-20,
4287-1,
4287-2,
4287-4,2 16382
4287-5,
4287-6,
4287-7,
4287-15,
3287-20,
3287-1,
3287-2,
3287-4,2 16382
3287-5,
3287-6,
3287-7,
3287-15,
6314-20,
6314-1,
6314-2,
6314-4,2 16382
6314-5,
6314-6,
6314-7,
6314-15,
4792-20,
4792-1,
4792-2,
4792-4,2 16382
4792-5,
4792-6,
4792-7,
4792-15,
561-20,
561-1,
561-2,
561-4,2 16382
561-5,
561-6,
561-7,
561-15,
5633-20,
5633-1,
5633-2,
5633-4,2 16382
5633-5,
5633-6,
5633-7,
5633-15,
1884-20,
1884-1,
1884-2,
1884-4,2 16382
1884-5,
1884-6,
1884-7,
1884-15,
3728-20,
3728-1,
3728-2,
3728-4,2 16382
3728-5,
3728-6,
3728-7,
3728-15,
5113-20,
5113-1,
5113-2,
5113-4,2 16382
5113-5,
5113-6,
5113-7,
5113-15,
1381-20,
1381-1,
1381-2,
1381-4,2 16382
1381-5,
1381-6,
1381-7,
1381-15,
5478-20,
5478-1,
5478-2,
5478-4,2 16382
5478-5,
5478-6,
5478-7,
5478-15,
2484-20,
2484-1,
2484-2,
2484-4,2 16382
2484-5,
2484-6,
2484-7,
2484-15,
3649-20,
3649-1,
3649-2,
3649-4,2 16382
3649-5,
3649-6,
3649-7,
3649-15,
5450-20,
5450-1,
5450-2,
5450-4,2 16382
5450-5,
5450-6,
5450-7,
5450-15,
2534-20,
2534-1,
2534-2,
2534-4,2 16382
2534-5,
2534-6,
2534-7,
2534-15,
5292-20,
5292-1,
5292-2,
5292-4,2 16382
5292-5,
5292-6,
5292-7,
5292-15,
1915-20,
1915-1,
1915-2,
1915-4,2 16382
1915-5,
1915-6,
1915-7,
1915-15,
3150-20,
3150-1,
3150-2,
3150-4,2 16382
3150-5,
3150-6,
3150-7,
3150-15,
2254-20,
2254-1,
2254-2,
2254-4,2 16382
2254-5,
2254-6,
2254-7,
2254-15,
62-20,
62-1,
62-2,
62-4,2 16382
62-5,
62-6,
62-7,
62-15,
5069-20,
5069-1,
5069-2,
5069-4,2 16382
5069-5,
5069-6,
5069-7,
5069-15,
5280-20,
5280-1,
5280-2,
5280-4,2 16382
5280-5,
5280-6,
5280-7,
5280-15,
163-20,
163-1,
163-2,
163-4,2 16382
163-5,
163-6,
163-7,
163-15,
603-20,
603-1,
603-2,
603-4,2 16382
603-5,
603-6,
603-7,
603-15,
3152-20,
3152-1,
3152-2,
3152-4,2 16382
3152-5,
3152-6,
3152-7,
3152-15,
1472-20,
1472-1,
1472-2,
1472-4,2 16382
1472-5,
1472-6,
1472-7,
1472-15,
1560-20,
1560-1,
1560-2,
1560-4,2 16382
1560-5,
1560-6,
1560-7,
1560-15,
3873-20,
3873-1,
3873-2,
3873-4,2 16382
3873-5,
3873-6,
3873-7,
3873-15,
2023-20,
2023-1,
2023-2,
2023-4,2 16382
2023-5,
2023-6,
2023-7,
2023-15,
545-20,
545-1,
545-2,
545-4,2 16382
545-5,
545-6,
545-7,
545-15,
4638-20,
4638-1,
4638-2,
4638-4,2 16382
4638-5,
4638-6,
4638-7,
4638-15,
1243-20,
1243-1,
1243-2,
1243-4,2 16382
1243-5,
1243-6,
1243-7,
1243-15,
403-20,
403-1,
403-2,
403-4,2 16382
403-5,
403-6,
403-7,
403-15,
233-20,
233-1,
233-2,
233-4,2 16382
233-5,
233-6,
233-7,
233-15,
3293-20,
3293-1,
3293-2,
3293-4,2 16382
3293-5,
3293-6,
3293-7,
3293-15,
1050-20,
1050-1,
1050-2,
1050-4,2 16382
1050-5,
1050-6,
1050-7,
1050-15,
6151-20,
6151-1,
6151-2,
6151-4,2 16382
6151-5,
6151-6,
6151-7,
6151-15,
3574-20,
3574-1,
3574-2,
3574-4,2 16382
3574-5,
3574-6,
3574-7,
3574-15,
4889-20,
4889-1,
4889-2,
4889-4,2 16382
4889-5,
4889-6,
4889-7,
4889-15,
252-20,
252-1,
252-2,
252-4,2 16382
252-5,
252-6,
252-7,
252-15,
4251-20,
4251-1,
4251-2,
4251-4,2 16382
4251-5,
4251-6,
4251-7,
4251-15,
4938-20,
4938-1,
4938-2,
4938-4,2 16382
4938-5,
4938-6,
4938-7,
4938-15,
1199-20,
1199-1,
1199-2,
1199-4,2 16382
1199-5,
1199-6,
1199-7,
1199-15,
6349-20,
6349-1,
6349-2,
6349-4,2 16382
6349-5,
6349-6,
6349-7,
6349-15,
1292-20,
1292-1,
1292-2,
1292-4,2 16382
1292-5,
1292-6,
1292-7,
1292-15,
6260-20,
6260-1,
6260-2,
6260-4,2 16382
6260-5,
6260-6,
6260-7,
6260-15,
2251-20,
2251-1,
2251-2,
2251-4,2 16382
2251-5,
2251-6,
2251-7,
2251-15,
5654-20,
5654-1,
5654-2,
5654-4,2 16382
5654-5,
5654-6,
5654-7,
5654-15,
4810-20,
4810-1,
4810-2,
4810-4,2 16382
4810-5,
4810-6,
4810-7,
4810-15,
5528-20,
5528-1,
5528-2,
5528-4,2 16382
5528-5,
5528-6,
5528-7,
5528-15,
6048-20,
6048-1,
6048-2,
6048-4,2 16382
6048-5,
6048-6,
6048-7,
6048-15,
169-20,
169-1,
169-2,
169-4,2 16382
169-5,
169-6,
169-7,
169-15,
3854-20,
3854-1,
3854-2,
3854-4,2 16382
3854-5,
3854-6,
3854-7,
3854-15,
2223-20,
2223-1,
2223-2,
2223-4,2 16382
2223-5,
2223-6,
2223-7,
2223-15,
1998-20,
1998-1,
1998-2,
1998-4,2 16382
1998-5,
1998-6,
1998-7,
1998-15,
417-20,
417-1,
417-2,
417-4,2 16382
417-5,
417-6,
417-7,
417-15,
658-20,
658-1,
658-2,
658-4,2 16382
658-5,
658-6,
658-7,
658-15,
6405-20,
6405-1,
6405-2,
6405-4,2 16382
6405-5,
6405-6,
6405-7,
6405-15,
3436-20,
3436-1,
3436-2,
3436-4,2 16382
3436-5,
3436-6,
3436-7,
3436-15,
6523-20,
6523-1,
6523-2,
6523-4,2 16382
6523-5,
6523-6,
6523-7,
6523-15,
3364-20,
3364-1,
3364-2,
3364-4,2 16382
3364-5,
3364-6,
3364-7,
3364-15,
101-20,
101-1,
101-2,
101-4,2 16382
101-5,
101-6,
101-7,
101-15,
6640-20,
6640-1,
6640-2,
6640-4,2 16382
6640-5,
6640-6,
6640-7,
6640-15,
3697-20,
3697-1,
3697-2,
3697-4,2 16382
3697-5,
3697-6,
3697-7,
3697-15,
5281-20,
5281-1,
5281-2,
5281-4,2 16382
5281-5,
5281-6,
5281-7,
5281-15,
1922-20,
1922-1,
1922-2,
1922-4,2 16382
1922-5,
1922-6,
1922-7,
1922-15,
3036-20,
3036-1,
3036-2,
3036-4,2 16382
3036-5,
3036-6,
3036-7,
3036-15,
2713-20,
2713-1,
2713-2,
2713-4,2 16382
2713-5,
2713-6,
2713-7,
2713-15,
5082-20,
5082-1,
5082-2,
5082-4,2 16382
5082-5,
5082-6,
5082-7,
5082-15,
390-20,
390-1,
390-2,
390-4,2 16382
390-5,
390-6,
390-7,
390-15,
678-20,
678-1,
678-2,
678-4,2 16382
678-5,
678-6,
678-7,
678-15,
4879-20,
4879-1,
4879-2,
4879-4,2 16382
4879-5,
4879-6,
4879-7,
4879-15,
5390-20,
5390-1,
5390-2,
5390-4,2 16382
5390-5,
5390-6,
5390-7,
5390-15,
3151-20,
3151-1,
3151-2,
3151-4,2 16382
3151-5,
3151-6,
3151-7,
3151-15,
2356-20,
2356-1,
2356-2,
2356-4,2 16382
2356-5,
2356-6,
2356-7,
2356-15,
261-20,
261-1,
261-2,
261-4,2 16382
261-5,
261-6,
261-7,
261-15,
4752-20,
4752-1,
4752-2,
4752-4,2 16382
4752-5,
4752-6,
4752-7,
4752-15,
4623-20,
4623-1,
4623-2,
4623-4,2 16382
4623-5,
4623-6,
4623-7,
4623-15,
6136-20,
6136-1,
6136-2,
6136-4,2 16382
6136-5,
6136-6,
6136-7,
6136-15,
3386-20,
3386-1,
3386-2,
3386-4,2 16382
3386-5,
3386-6,
3386-7,
3386-15,
4773-20,
4773-1,
4773-2,
4773-4,2 16382
4773-5,
4773-6,
4773-7,
4773-15,
6248-20,
6248-1,
6248-2,
6248-4,2 16382
6248-5,
6248-6,
6248-7,
6248-15,
1196-20,
1196-1,
1196-2,
1196-4,2 16382
1196-5,
1196-6,
1196-7,
1196-15,
3857-20,
3857-1,
3857-2,
3857-4,2 16382
3857-5,
3857-6,
3857-7,
3857-15,
782-20,
782-1,
782-2,
782-4,2 16382
782-5,
782-6,
782-7,
782-15,
88-20,
88-1,
88-2,
88-4,2 16382
88-5,
88-6,
88-7,
88-15,
5485-20,
5485-1,
5485-2,
5485-4,2 16382
5485-5,
5485-6,
5485-7,
5485-15,
2766-20,
2766-1,
2766-2,
2766-4,2 16382
2766-5,
2766-6,
2766-7,
2766-15,
505-20,
505-1,
505-2,
505-4,2 16382
505-5,
505-6,
505-7,
505-15,
6106-20,
6106-1,
6106-2,
6106-4,2 16382
6106-5,
6106-6,
6106-7,
6106-15,
2894-20,
2894-1,
2894-2,
2894-4,2 16382
2894-5,
2894-6,
2894-7,
2894-15,
3255-20,
3255-1,
3255-2,
3255-4,2 16382
3255-5,
3255-6,
3255-7,
3255-15,
439-20,
439-1,
439-2,
439-4,2 16382
439-5,
439-6,
439-7,
439-15,
29-20,
29-1,
29-2,
29-4,2 16382
29-5,
29-6,
29-7,
29-15,
2017-20,
2017-1,
2017-2,
2017-4,2 16382
2017-5,
2017-6,
2017-7,
2017-15,
4433-20,
4433-1,
4433-2,
4433-4,2 16382
4433-5,
4433-6,
4433-7,
4433-15,
2776-20,
2776-1,
2776-2,
2776-4,2 16382
2776-5,
2776-6,
2776-7,
2776-15,
5807-20,
5807-1,
5807-2,
5807-4,2 16382
5807-5,
5807-6,
5807-7,
5807-15,
105-20,
105-1,
105-2,
105-4,2 16382
105-5,
105-6,
105-7,
105-15,
4385-20,
4385-1,
4385-2,
4385-4,2 16382
4385-5,
4385-6,
4385-7,
4385-15,
1270-20,
1270-1,
1270-2,
1270-4,2 16382
1270-5,
1270-6,
1270-7,
1270-15,
512-20,
512-1,
512-2,
512-4,2 16382
512-5,
512-6,
512-7,
512-15,
4768-20,
4768-1,
4768-2,
4768-4,2 16382
4768-5,
4768-6,
4768-7,
4768-15,
3882-20,
3882-1,
3882-2,
3882-4,2 16382
3882-5,
3882-6,
3882-7,
3882-15,
4011-20,
4011-1,
4011-2,
4011-4,2 16382
4011-5,
4011-6,
4011-7,
4011-15,
5638-20,
5638-1,
5638-2,
5638-4,2 16382
5638-5,
5638-6,
5638-7,
5638-15,
1171-20,
1171-1,
1171-2,
1171-4,2 16382
1171-5,
1171-6,
1171-7,
1171-15,
2173-20,
2173-1,
2173-2,
2173-4,2 16382
2173-5,
2173-6,
2173-7,
2173-15,
5801-20,
5801-1,
5801-2,
5801-4,2 16382
5801-5,
5801-6,
5801-7,
5801-15,
2317-20,
2317-1,
2317-2,
2317-4,2 16382
2317-5,
2317-6,
2317-7,
2317-15,
2432-20,
2432-1,
2432-2,
2432-4,2 16382
2432-5,
2432-6,
2432-7,
2432-15,
6043-20,
6043-1,
6043-2,
6043-4,2 16382
6043-5,
6043-6,
6043-7,
6043-15,
3379-20,
3379-1,
3379-2,
3379-4,2 16382
3379-5,
3379-6,
3379-7,
3379-15,
6012-20,
6012-1,
6012-2,
6012-4,2 16382
6012-5,
6012-6,
6012-7,
6012-15,
3614-20,
3614-1,
3614-2,
3614-4,2 16382
3614-5,
3614-6,
3614-7,
3614-15,
5593-20,
5593-1,
5593-2,
5593-4,2 16382
5593-5,
5593-6,
5593-7,
5593-15,
4696-20,
4696-1,
4696-2,
4696-4,2 16382
4696-5,
4696-6,
4696-7,
4696-15,
6297-20,
6297-1,
6297-2,
6297-4,2 16382
6297-5,
6297-6,
6297-7,
6297-15,
4057-20,
4057-1,
4057-2,
4057-4,2 16382
4057-5,
4057-6,
4057-7,
4057-15,
5606-20,
5606-1,
5606-2,
5606-4,2 16382
5606-5,
5606-6,
5606-7,
5606-15,
5521-20,
5521-1,
5521-2,
5521-4,2 16382
5521-5,
5521-6,
5521-7,
5521-15,
4429-20,
4429-1,
4429-2,
4429-4,2 16382
4429-5,
4429-6,
4429-7,
4429-15,
2542-20,
2542-1,
2542-2,
2542-4,2 16382
2542-5,
2542-6,
2542-7,
2542-15,
435-20,
435-1,
435-2,
435-4,2 16382
435-5,
435-6,
435-7,
435-15,
1952-20,
1952-1,
1952-2,
1952-4,2 16382
1952-5,
1952-6,
1952-7,
1952-15,
6214-20,
6214-1,
6214-2,
6214-4,2 16382
6214-5,
6214-6,
6214-7,
6214-15,
1678-20,
1678-1,
1678-2,
1678-4,2 16382
1678-5,
1678-6,
1678-7,
1678-15,
721-20,
721-1,
721-2,
721-4,2 16382
721-5,
721-6,
721-7,
721-15,
2476-20,
2476-1,
2476-2,
2476-4,2 16382
2476-5,
2476-6,
2476-7,
2476-15,
4739-20,
4739-1,
4739-2,
4739-4,2 16382
4739-5,
4739-6,
4739-7,
4739-15,
3714-20,
3714-1,
3714-2,
3714-4,2 16382
3714-5,
3714-6,
3714-7,
3714-15,
892-20,
892-1,
892-2,
892-4,2 16382
892-5,
892-6,
892-7,
892-15,
5288-20,
5288-1,
5288-2,
5288-4,2 16382
5288-5,
5288-6,
5288-7,
5288-15,
6094-20,
6094-1,
6094-2,
6094-4,2 16382
6094-5,
6094-6,
6094-7,
6094-15,
942-20,
942-1,
942-2,
942-4,2 16382
942-5,
942-6,
942-7,
942-15,
5198-20,
5198-1,
5198-2,
5198-4,2 16382
5198-5,
5198-6,
5198-7,
5198-15,
4426-20,
4426-1,
4426-2,
4426-4,2 16382
4426-5,
4426-6,
4426-7,
4426-15,
3446-20,
3446-1,
3446-2,
3446-4,2 16382
3446-5,
3446-6,
3446-7,
3446-15,
477-20,
477-1,
477-2,
477-4,2 16382
477-5,
477-6,
477-7,
477-15,
583-20,
583-1,
583-2,
583-4,2 16382
583-5,
583-6,
583-7,
583-15,
1031-20,
1031-1,
1031-2,
1031-4,2 16382
1031-5,
1031-6,
1031-7,
1031-15,
6184-20,
6184-1,
6184-2,
6184-4,2 16382
6184-5,
6184-6,
6184-7,
6184-15,
2151-20,
2151-1,
2151-2,
2151-4,2 16382
2151-5,
2151-6,
2151-7,
2151-15,
63-20,
63-1,
63-2,
63-4,2 16382
63-5,
63-6,
63-7,
63-15,
3510-20,
3510-1,
3510-2,
3510-4,2 16382
3510-5,
3510-6,
3510-7,
3510-15,
5817-20,
5817-1,
5817-2,
5817-4,2 16382
5817-5,
5817-6,
5817-7,
5817-15,
5575-20,
5575-1,
5575-2,
5575-4,2 16382
5575-5,
5575-6,
5575-7,
5575-15,
1011-20,
1011-1,
1011-2,
1011-4,2 16382
1011-5,
1011-6,
1011-7,
1011-15,
2040-20,
2040-1,
2040-2,
2040-4,2 16382
2040-5,
2040-6,
2040-7,
2040-15,
469-20,
469-1,
469-2,
469-4,2 16382
469-5,
469-6,
469-7,
469-15,
2210-20,
2210-1,
2210-2,
2210-4,2 16382
2210-5,
2210-6,
2210-7,
2210-15,
3891-20,
3891-1,
3891-2,
3891-4,2 16382
3891-5,
3891-6,
3891-7,
3891-15,
6042-20,
6042-1,
6042-2,
6042-4,2 16382
6042-5,
6042-6,
6042-7,
6042-15,
2939-20,
2939-1,
2939-2,
2939-4,2 16382
2939-5,
2939-6,
2939-7,
2939-15,
1378-20,
1378-1,
1378-2,
1378-4,2 16382
1378-5,
1378-6,
1378-7,
1378-15,
206-20,
206-1,
206-2,
206-4,2 16382
206-5,
206-6,
206-7,
206-15,
4559-20,
4559-1,
4559-2,
4559-4,2 16382
4559-5,
4559-6,
4559-7,
4559-15,
2311-20,
2311-1,
2311-2,
2311-4,2 16382
2311-5,
2311-6,
2311-7,
2311-15,
4630-20,
4630-1,
4630-2,
4630-4,2 16382
4630-5,
4630-6,
4630-7,
4630-15,
4086-20,
4086-1,
4086-2,
4086-4,2 16382
4086-5,
4086-6,
4086-7,
4086-15,
5139-20,
5139-1,
5139-2,
5139-4,2 16382
5139-5,
5139-6,
5139-7,
5139-15,
4357-20,
4357-1,
4357-2,
4357-4,2 16382
4357-5,
4357-6,
4357-7,
4357-15,
2969-20,
2969-1,
2969-2,
2969-4,2 16382
2969-5,
2969-6,
2969-7,
2969-15,
2752-20,
2752-1,
2752-2,
2752-4,2 16382
2752-5,
2752-6,
2752-7,
2752-15,
1323-20,
1323-1,
1323-2,
1323-4,2 16382
1323-5,
1323-6,
1323-7,
1323-15,
4262-20,
4262-1,
4262-2,
4262-4,2 16382
4262-5,
4262-6,
4262-7,
4262-15,
6056-20,
6056-1,
6056-2,
6056-4,2 16382
6056-5,
6056-6,
6056-7,
6056-15,
4237-20,
4237-1,
4237-2,
4237-4,2 16382
4237-5,
4237-6,
4237-7,
4237-15,
3186-20,
3186-1,
3186-2,
3186-4,2 16382
3186-5,
3186-6,
3186-7,
3186-15,
3466-20,
3466-1,
3466-2,
3466-4,2 16382
3466-5,
3466-6,
3466-7,
3466-15,
4719-20,
4719-1,
4719-2,
4719-4,2 16382
4719-5,
4719-6,
4719-7,
4719-15,
2276-20,
2276-1,
2276-2,
2276-4,2 16382
2276-5,
2276-6,
2276-7,
2276-15,
1198-20,
1198-1,
1198-2,
1198-4,2 16382
1198-5,
1198-6,
1198-7,
1198-15,
2909-20,
2909-1,
2909-2,
2909-4,2 16382
2909-5,
2909-6,
2909-7,
2909-15,
596-20,
596-1,
596-2,
596-4,2 16382
596-5,
596-6,
596-7,
596-15,
5968-20,
5968-1,
5968-2,
5968-4,2 16382
5968-5,
5968-6,
5968-7,
5968-15,
2859-20,
2859-1,
2859-2,
2859-4,2 16382
2859-5,
2859-6,
2859-7,
2859-15,
6593-20,
6593-1,
6593-2,
6593-4,2 16382
6593-5,
6593-6,
6593-7,
6593-15,
1218-20,
1218-1,
1218-2,
1218-4,2 16382
1218-5,
1218-6,
1218-7,
1218-15,
313-20,
313-1,
313-2,
313-4,2 16382
313-5,
313-6,
313-7,
313-15,
1059-20,
1059-1,
1059-2,
1059-4,2 16382
1059-5,
1059-6,
1059-7,
1059-15,
6357-20,
6357-1,
6357-2,
6357-4,2 16382
6357-5,
6357-6,
6357-7,
6357-15,
1619-20,
1619-1,
1619-2,
1619-4,2 16382
1619-5,
1619-6,
1619-7,
1619-15,
5064-20,
5064-1,
5064-2,
5064-4,2 16382
5064-5,
5064-6,
5064-7,
5064-15,
6004-20,
6004-1,
6004-2,
6004-4,2 16382
6004-5,
6004-6,
6004-7,
6004-15,
1285-20,
1285-1,
1285-2,
1285-4,2 16382
1285-5,
1285-6,
1285-7,
1285-15,
5581-20,
5581-1,
5581-2,
5581-4,2 16382
5581-5,
5581-6,
5581-7,
5581-15,
2441-20,
2441-1,
2441-2,
2441-4,2 16382
2441-5,
2441-6,
2441-7,
2441-15,
5961-20,
5961-1,
5961-2,
5961-4,2 16382
5961-5,
5961-6,
5961-7,
5961-15,
2222-20,
2222-1,
2222-2,
2222-4,2 16382
2222-5,
2222-6,
2222-7,
2222-15,
341-20,
341-1,
341-2,
341-4,2 16382
341-5,
341-6,
341-7,
341-15,
3343-20,
3343-1,
3343-2,
3343-4,2 16382
3343-5,
3343-6,
3343-7,
3343-15,
192-20,
192-1,
192-2,
192-4,2 16382
192-5,
192-6,
192-7,
192-15,
5920-20,
5920-1,
5920-2,
5920-4,2 16382
5920-5,
5920-6,
5920-7,
5920-15,
5842-20,
5842-1,
5842-2,
5842-4,2 16382
5842-5,
5842-6,
5842-7,
5842-15,
3519-20,
3519-1,
3519-2,
3519-4,2 16382
3519-5,
3519-6,
3519-7,
3519-15,
1300-20,
1300-1,
1300-2,
1300-4,2 16382
1300-5,
1300-6,
1300-7,
1300-15,
2716-20,
2716-1,
2716-2,
2716-4,2 16382
2716-5,
2716-6,
2716-7,
2716-15,
4373-20,
4373-1,
4373-2,
4373-4,2 16382
4373-5,
4373-6,
4373-7,
4373-15,
5823-20,
5823-1,
5823-2,
5823-4,2 16382
5823-5,
5823-6,
5823-7,
5823-15,
612-20,
612-1,
612-2,
612-4,2 16382
612-5,
612-6,
612-7,
612-15,
1002-20,
1002-1,
1002-2,
1002-4,2 16382
1002-5,
1002-6,
1002-7,
1002-15,
5689-20,
5689-1,
5689-2,
5689-4,2 16382
5689-5,
5689-6,
5689-7,
5689-15,
3258-20,
3258-1,
3258-2,
3258-4,2 16382
3258-5,
3258-6,
3258-7,
3258-15,
2971-20,
2971-1,
2971-2,
2971-4,2 16382
2971-5,
2971-6,
2971-7,
2971-15,
5277-20,
5277-1,
5277-2,
5277-4,2 16382
5277-5,
5277-6,
5277-7,
5277-15,
5490-20,
5490-1,
5490-2,
5490-4,2 16382
5490-5,
5490-6,
5490-7,
5490-15,
1724-20,
1724-1,
1724-2,
1724-4,2 16382
1724-5,
1724-6,
1724-7,
1724-15,
3556-20,
3556-1,
3556-2,
3556-4,2 16382
3556-5,
3556-6,
3556-7,
3556-15,
2999-20,
2999-1,
2999-2,
2999-4,2 16382
2999-5,
2999-6,
2999-7,
2999-15,
3814-20,
3814-1,
3814-2,
3814-4,2 16382
3814-5,
3814-6,
3814-7,
3814-15,
5703-20,
5703-1,
5703-2,
5703-4,2 16382
5703-5,
5703-6,
5703-7,
5703-15,
1755-20,
1755-1,
1755-2,
1755-4,2 16382
1755-5,
1755-6,
1755-7,
1755-15,
3382-20,
3382-1,
3382-2,
3382-4,2 16382
3382-5,
3382-6,
3382-7,
3382-15,
6333-20,
6333-1,
6333-2,
6333-4,2 16382
6333-5,
6333-6,
6333-7,
6333-15,
4012-20,
4012-1,
4012-2,
4012-4,2 16382
4012-5,
4012-6,
4012-7,
4012-15,
2315-20,
2315-1,
2315-2,
2315-4,2 16382
2315-5,
2315-6,
2315-7,
2315-15,
2082-20,
2082-1,
2082-2,
2082-4,2 16382
2082-5,
2082-6,
2082-7,
2082-15,
6396-20,
6396-1,
6396-2,
6396-4,2 16382
6396-5,
6396-6,
6396-7,
6396-15,
3013-20,
3013-1,
3013-2,
3013-4,2 16382
3013-5,
3013-6,
3013-7,
3013-15,
4608-20,
4608-1,
4608-2,
4608-4,2 16382
4608-5,
4608-6,
4608-7,
4608-15,
659-20,
659-1,
659-2,
659-4,2 16382
659-5,
659-6,
659-7,
659-15,
3088-20,
3088-1,
3088-2,
3088-4,2 16382
3088-5,
3088-6,
3088-7,
3088-15,
1389-20,
1389-1,
1389-2,
1389-4,2 16382
1389-5,
1389-6,
1389-7,
1389-15,
6443-20,
6443-1,
6443-2,
6443-4,2 16382
6443-5,
6443-6,
6443-7,
6443-15,
4402-20,
4402-1,
4402-2,
4402-4,2 16382
4402-5,
4402-6,
4402-7,
4402-15,
234-20,
234-1,
234-2,
234-4,2 16382
234-5,
234-6,
234-7,
234-15,
5974-20,
5974-1,
5974-2,
5974-4,2 16382
5974-5,
5974-6,
5974-7,
5974-15,
476-20,
476-1,
476-2,
476-4,2 16382
476-5,
476-6,
476-7,
476-15,
1244-20,
1244-1,
1244-2,
1244-4,2 16382
1244-5,
1244-6,
1244-7,
1244-15,
4591-20,
4591-1,
4591-2,
4591-4,2 16382
4591-5,
4591-6,
4591-7,
4591-15,
5496-20,
5496-1,
5496-2,
5496-4,2 16382
5496-5,
5496-6,
5496-7,
5496-15,
3522-20,
3522-1,
3522-2,
3522-4,2 16382
3522-5,
3522-6,
3522-7,
3522-15,
3178-20,
3178-1,
3178-2,
3178-4,2 16382
3178-5,
3178-6,
3178-7,
3178-15,
3035-20,
3035-1,
3035-2,
3035-4,2 16382
3035-5,
3035-6,
3035-7,
3035-15,
2788-20,
2788-1,
2788-2,
2788-4,2 16382
2788-5,
2788-6,
2788-7,
2788-15,
5174-20,
5174-1,
5174-2,
5174-4,2 16382
5174-5,
5174-6,
5174-7,
5174-15,
2445-20,
2445-1,
2445-2,
2445-4,2 16382
2445-5,
2445-6,
2445-7,
2445-15,
3421-20,
3421-1,
3421-2,
3421-4,2 16382
3421-5,
3421-6,
3421-7,
3421-15,
6502-20,
6502-1,
6502-2,
6502-4,2 16382
6502-5,
6502-6,
6502-7,
6502-15,
958-20,
958-1,
958-2,
958-4,2 16382
958-5,
958-6,
958-7,
958-15,
130-20,
130-1,
130-2,
130-4,2 16382
130-5,
130-6,
130-7,
130-15,
886-20,
886-1,
886-2,
886-4,2 16382
886-5,
886-6,
886-7,
886-15,
2070-20,
2070-1,
2070-2,
2070-4,2 16382
2070-5,
2070-6,
2070-7,
2070-15,
5646-20,
5646-1,
5646-2,
5646-4,2 16382
5646-5,
5646-6,
5646-7,
5646-15,
4967-20,
4967-1,
4967-2,
4967-4,2 16382
4967-5,
4967-6,
4967-7,
4967-15,
6001-20,
6001-1,
6001-2,
6001-4,2 16382
6001-5,
6001-6,
6001-7,
6001-15,
2089-20,
2089-1,
2089-2,
2089-4,2 16382
2089-5,
2089-6,
2089-7,
2089-15,
5939-20,
5939-1,
5939-2,
5939-4,2 16382
5939-5,
5939-6,
5939-7,
5939-15,
5193-20,
5193-1,
5193-2,
5193-4,2 16382
5193-5,
5193-6,
5193-7,
5193-15,
3806-20,
3806-1,
3806-2,
3806-4,2 16382
3806-5,
3806-6,
3806-7,
3806-15,
3946-20,
3946-1,
3946-2,
3946-4,2 16382
3946-5,
3946-6,
3946-7,
3946-15,
1772-20,
1772-1,
1772-2,
1772-4,2 16382
1772-5,
1772-6,
1772-7,
1772-15,
615-20,
615-1,
615-2,
615-4,2 16382
615-5,
615-6,
615-7,
615-15,
3264-20,
3264-1,
3264-2,
3264-4,2 16382
3264-5,
3264-6,
3264-7,
3264-15,
2877-20,
2877-1,
2877-2,
2877-4,2 16382
2877-5,
2877-6,
2877-7,
2877-15,
3770-20,
3770-1,
3770-2,
3770-4,2 16382
3770-5,
3770-6,
3770-7,
3770-15,
5875-20,
5875-1,
5875-2,
5875-4,2 16382
5875-5,
5875-6,
5875-7,
5875-15,
524-20,
524-1,
524-2,
524-4,2 16382
524-5,
524-6,
524-7,
524-15,
2955-20,
2955-1,
2955-2,
2955-4,2 16382
2955-5,
2955-6,
2955-7,
2955-15,
6527-20,
6527-1,
6527-2,
6527-4,2 16382
6527-5,
6527-6,
6527-7,
6527-15,
2502-20,
2502-1,
2502-2,
2502-4,2 16382
2502-5,
2502-6,
2502-7,
2502-15,
4953-20,
4953-1,
4953-2,
4953-4,2 16382
4953-5,
4953-6,
4953-7,
4953-15,
1955-20,
1955-1,
1955-2,
1955-4,2 16382
1955-5,
1955-6,
1955-7,
1955-15,
2910-20,
2910-1,
2910-2,
2910-4,2 16382
2910-5,
2910-6,
2910-7,
2910-15,
2616-20,
2616-1,
2616-2,
2616-4,2 16382
2616-5,
2616-6,
2616-7,
2616-15,
346-20,
346-1,
346-2,
346-4,2 16382
346-5,
346-6,
346-7,
346-15,
4071-20,
4071-1,
4071-2,
4071-4,2 16382
4071-5,
4071-6,
4071-7,
4071-15,
15-20,
15-1,
15-2,
15-4,2 16382
15-5,
15-6,
15-7,
15-15,
1045-20,
1045-1,
1045-2,
1045-4,2 16382
1045-5,
1045-6,
1045-7,
1045-15,
2098-20,
2098-1,
2098-2,
2098-4,2 16382
2098-5,
2098-6,
2098-7,
2098-15,
4744-20,
4744-1,
4744-2,
4744-4,2 16382
4744-5,
4744-6,
4744-7,
4744-15,
2013-20,
2013-1,
2013-2,
2013-4,2 16382
2013-5,
2013-6,
2013-7,
2013-15,
2114-20,
2114-1,
2114-2,
2114-4,2 16382
2114-5,
2114-6,
2114-7,
2114-15,
2303-20,
2303-1,
2303-2,
2303-4,2 16382
2303-5,
2303-6,
2303-7,
2303-15,
626-20,
626-1,
626-2,
626-4,2 16382
626-5,
626-6,
626-7,
626-15,
4731-20,
4731-1,
4731-2,
4731-4,2 16382
4731-5,
4731-6,
4731-7,
4731-15,
1685-20,
1685-1,
1685-2,
1685-4,2 16382
1685-5,
1685-6,
1685-7,
1685-15,
6607-20,
6607-1,
6607-2,
6607-4,2 16382
6607-5,
6607-6,
6607-7,
6607-15,
3904-20,
3904-1,
3904-2,
3904-4,2 16382
3904-5,
3904-6,
3904-7,
3904-15,
1957-20,
1957-1,
1957-2,
1957-4,2 16382
1957-5,
1957-6,
1957-7,
1957-15,
5354-20,
5354-1,
5354-2,
5354-4,2 16382
5354-5,
5354-6,
5354-7,
5354-15,
4891-20,
4891-1,
4891-2,
4891-4,2 16382
4891-5,
4891-6,
4891-7,
4891-15,
2918-20,
2918-1,
2918-2,
2918-4,2 16382
2918-5,
2918-6,
2918-7,
2918-15,
3687-20,
3687-1,
3687-2,
3687-4,2 16382
3687-5,
3687-6,
3687-7,
3687-15,
2168-20,
2168-1,
2168-2,
2168-4,2 16382
2168-5,
2168-6,
2168-7,
2168-15,
1036-20,
1036-1,
1036-2,
1036-4,2 16382
1036-5,
1036-6,
1036-7,
1036-15,
427-20,
427-1,
427-2,
427-4,2 16382
427-5,
427-6,
427-7,
427-15,
355-20,
355-1,
355-2,
355-4,2 16382
355-5,
355-6,
355-7,
355-15,
1037-20,
1037-1,
1037-2,
1037-4,2 16382
1037-5,
1037-6,
1037-7,
1037-15,
1341-20,
1341-1,
1341-2,
1341-4,2 16382
1341-5,
1341-6,
1341-7,
1341-15,
239-20,
239-1,
239-2,
239-4,2 16382
239-5,
239-6,
239-7,
239-15,
3495-20,
3495-1,
3495-2,
3495-4,2 16382
3495-5,
3495-6,
3495-7,
3495-15,
6201-20,
6201-1,
6201-2,
6201-4,2 16382
6201-5,
6201-6,
6201-7,
6201-15,
5335-20,
5335-1,
5335-2,
5335-4,2 16382
5335-5,
5335-6,
5335-7,
5335-15,
3148-20,
3148-1,
3148-2,
3148-4,2 16382
3148-5,
3148-6,
3148-7,
3148-15,
863-20,
863-1,
863-2,
863-4,2 16382
863-5,
863-6,
863-7,
863-15,
4026-20,
4026-1,
4026-2,
4026-4,2 16382
4026-5,
4026-6,
4026-7,
4026-15,
5115-20,
5115-1,
5115-2,
5115-4,2 16382
5115-5,
5115-6,
5115-7,
5115-15,
273-20,
273-1,
273-2,
273-4,2 16382
273-5,
273-6,
273-7,
273-15,
1150-20,
1150-1,
1150-2,
1150-4,2 16382
1150-5,
1150-6,
1150-7,
1150-15,
4095-20,
4095-1,
4095-2,
4095-4,2 16382
4095-5,
4095-6,
4095-7,
4095-15,
3621-20,
3621-1,
3621-2,
3621-4,2 16382
3621-5,
3621-6,
3621-7,
3621-15,
4472-20,
4472-1,
4472-2,
4472-4,2 16382
4472-5,
4472-6,
4472-7,
4472-15,
4284-20,
4284-1,
4284-2,
4284-4,2 16382
4284-5,
4284-6,
4284-7,
4284-15,
984-20,
984-1,
984-2,
984-4,2 16382
984-5,
984-6,
984-7,
984-15,
1123-20,
1123-1,
1123-2,
1123-4,2 16382
1123-5,
1123-6,
1123-7,
1123-15,
5858-20,
5858-1,
5858-2,
5858-4,2 16382
5858-5,
5858-6,
5858-7,
5858-15,
1625-20,
1625-1,
1625-2,
1625-4,2 16382
1625-5,
1625-6,
1625-7,
1625-15,
3473-20,
3473-1,
3473-2,
3473-4,2 16382
3473-5,
3473-6,
3473-7,
3473-15,
4036-20,
4036-1,
4036-2,
4036-4,2 16382
4036-5,
4036-6,
4036-7,
4036-15,
3660-20,
3660-1,
3660-2,
3660-4,2 16382
3660-5,
3660-6,
3660-7,
3660-15,
5162-20,
5162-1,
5162-2,
5162-4,2 16382
5162-5,
5162-6,
5162-7,
5162-15,
2008-20,
2008-1,
2008-2,
2008-4,2 16382
2008-5,
2008-6,
2008-7,
2008-15,
264-20,
264-1,
264-2,
264-4,2 16382
264-5,
264-6,
264-7,
264-15,
3195-20,
3195-1,
3195-2,
3195-4,2 16382
3195-5,
3195-6,
3195-7,
3195-15,
1368-20,
1368-1,
1368-2,
1368-4,2 16382
1368-5,
1368-6,
1368-7,
1368-15,
5541-20,
5541-1,
5541-2,
5541-4,2 16382
5541-5,
5541-6,
5541-7,
5541-15,
2772-20,
2772-1,
2772-2,
2772-4,2 16382
2772-5,
2772-6,
2772-7,
2772-15,
1305-20,
1305-1,
1305-2,
1305-4,2 16382
1305-5,
1305-6,
1305-7,
1305-15,
6155-20,
6155-1,
6155-2,
6155-4,2 16382
6155-5,
6155-6,
6155-7,
6155-15,
1954-20,
1954-1,
1954-2,
1954-4,2 16382
1954-5,
1954-6,
1954-7,
1954-15,
92-20,
92-1,
92-2,
92-4,2 16382
92-5,
92-6,
92-7,
92-15,
5103-20,
5103-1,
5103-2,
5103-4,2 16382
5103-5,
5103-6,
5103-7,
5103-15,
3220-20,
3220-1,
3220-2,
3220-4,2 16382
3220-5,
3220-6,
3220-7,
3220-15,
6176-20,
6176-1,
6176-2,
6176-4,2 16382
6176-5,
6176-6,
6176-7,
6176-15,
1746-20,
1746-1,
1746-2,
1746-4,2 16382
1746-5,
1746-6,
1746-7,
1746-15,
368-20,
368-1,
368-2,
368-4,2 16382
368-5,
368-6,
368-7,
368-15,
3409-20,
3409-1,
3409-2,
3409-4,2 16382
3409-5,
3409-6,
3409-7,
3409-15,
2827-20,
2827-1,
2827-2,
2827-4,2 16382
2827-5,
2827-6,
2827-7,
2827-15,
1164-20,
1164-1,
1164-2,
1164-4,2 16382
1164-5,
1164-6,
1164-7,
1164-15,
1767-20,
1767-1,
1767-2,
1767-4,2 16382
1767-5,
1767-6,
1767-7,
1767-15,
1099-20,
1099-1,
1099-2,
1099-4,2 16382
1099-5,
1099-6,
1099-7,
1099-15,
1644-20,
1644-1,
1644-2,
1644-4,2 16382
1644-5,
1644-6,
1644-7,
1644-15,
1476-20,
1476-1,
1476-2,
1476-4,2 16382
1476-5,
1476-6,
1476-7,
1476-15,
17-20,
17-1,
17-2,
17-4,2 16382
17-5,
17-6,
17-7,
17-15,
3043-20,
3043-1,
3043-2,
3043-4,2 16382
3043-5,
3043-6,
3043-7,
3043-15,
2958-20,
2958-1,
2958-2,
2958-4,2 16382
2958-5,
2958-6,
2958-7,
2958-15,
746-20,
746-1,
746-2,
746-4,2 16382
746-5,
746-6,
746-7,
746-15,
5766-20,
5766-1,
5766-2,
5766-4,2 16382
5766-5,
5766-6,
5766-7,
5766-15,
4347-20,
4347-1,
4347-2,
4347-4,2 16382
4347-5,
4347-6,
4347-7,
4347-15,
6098-20,
6098-1,
6098-2,
6098-4,2 16382
6098-5,
6098-6,
6098-7,
6098-15,
3582-20,
3582-1,
3582-2,
3582-4,2 16382
3582-5,
3582-6,
3582-7,
3582-15,
1272-20,
1272-1,
1272-2,
1272-4,2 16382
1272-5,
1272-6,
1272-7,
1272-15,
6376-20,
6376-1,
6376-2,
6376-4,2 16382
6376-5,
6376-6,
6376-7,
6376-15,
2591-20,
2591-1,
2591-2,
2591-4,2 16382
2591-5,
2591-6,
2591-7,
2591-15,
1704-20,
1704-1,
1704-2,
1704-4,2 16382
1704-5,
1704-6,
1704-7,
1704-15,
5649-20,
5649-1,
5649-2,
5649-4,2 16382
5649-5,
5649-6,
5649-7,
5649-15,
4021-20,
4021-1,
4021-2,
4021-4,2 16382
4021-5,
4021-6,
4021-7,
4021-15,
5233-20,
5233-1,
5233-2,
5233-4,2 16382
5233-5,
5233-6,
5233-7,
5233-15,
4987-20,
4987-1,
4987-2,
4987-4,2 16382
4987-5,
4987-6,
4987-7,
4987-15,
5406-20,
5406-1,
5406-2,
5406-4,2 16382
5406-5,
5406-6,
5406-7,
5406-15,
6211-20,
6211-1,
6211-2,
6211-4,2 16382
6211-5,
6211-6,
6211-7,
6211-15,
3712-20,
3712-1,
3712-2,
3712-4,2 16382
3712-5,
3712-6,
3712-7,
3712-15,
1728-20,
1728-1,
1728-2,
1728-4,2 16382
1728-5,
1728-6,
1728-7,
1728-15,
5537-20,
5537-1,
5537-2,
5537-4,2 16382
5537-5,
5537-6,
5537-7,
5537-15,
394-20,
394-1,
394-2,
394-4,2 16382
394-5,
394-6,
394-7,
394-15,
6289-20,
6289-1,
6289-2,
6289-4,2 16382
6289-5,
6289-6,
6289-7,
6289-15,
4903-20,
4903-1,
4903-2,
4903-4,2 16382
4903-5,
4903-6,
4903-7,
4903-15,
3876-20,
3876-1,
3876-2,
3876-4,2 16382
3876-5,
3876-6,
3876-7,
3876-15,
1222-20,
1222-1,
1222-2,
1222-4,2 16382
1222-5,
1222-6,
1222-7,
1222-15,
5771-20,
5771-1,
5771-2,
5771-4,2 16382
5771-5,
5771-6,
5771-7,
5771-15,
142-20,
142-1,
142-2,
142-4,2 16382
142-5,
142-6,
142-7,
142-15,
1502-20,
1502-1,
1502-2,
1502-4,2 16382
1502-5,
1502-6,
1502-7,
1502-15,
5830-20,
5830-1,
5830-2,
5830-4,2 16382
5830-5,
5830-6,
5830-7,
5830-15,
3399-20,
3399-1,
3399-2,
3399-4,2 16382
3399-5,
3399-6,
3399-7,
3399-15,
2522-20,
2522-1,
2522-2,
2522-4,2 16382
2522-5,
2522-6,
2522-7,
2522-15,
2127-20,
2127-1,
2127-2,
2127-4,2 16382
2127-5,
2127-6,
2127-7,
2127-15,
6189-20,
6189-1,
6189-2,
6189-4,2 16382
6189-5,
6189-6,
6189-7,
6189-15,
4746-20,
4746-1,
4746-2,
4746-4,2 16382
4746-5,
4746-6,
4746-7,
4746-15,
471-20,
471-1,
471-2,
471-4,2 16382
471-5,
471-6,
471-7,
471-15,
1225-20,
1225-1,
1225-2,
1225-4,2 16382
1225-5,
1225-6,
1225-7,
1225-15,
1042-20,
1042-1,
1042-2,
1042-4,2 16382
1042-5,
1042-6,
1042-7,
1042-15,
943-20,
943-1,
943-2,
943-4,2 16382
943-5,
943-6,
943-7,
943-15,
4276-20,
4276-1,
4276-2,
4276-4,2 16382
4276-5,
4276-6,
4276-7,
4276-15,
3859-20,
3859-1,
3859-2,
3859-4,2 16382
3859-5,
3859-6,
3859-7,
3859-15,
6360-20,
6360-1,
6360-2,
6360-4,2 16382
6360-5,
6360-6,
6360-7,
6360-15,
4190-20,
4190-1,
4190-2,
4190-4,2 16382
4190-5,
4190-6,
4190-7,
4190-15,
2357-20,
2357-1,
2357-2,
2357-4,2 16382
2357-5,
2357-6,
2357-7,
2357-15,
837-20,
837-1,
837-2,
837-4,2 16382
837-5,
837-6,
837-7,
837-15,
910-20,
910-1,
910-2,
910-4,2 16382
910-5,
910-6,
910-7,
910-15,
2812-20,
2812-1,
2812-2,
2812-4,2 16382
2812-5,
2812-6,
2812-7,
2812-15,
966-20,
966-1,
966-2,
966-4,2 16382
966-5,
966-6,
966-7,
966-15,
6641-20,
6641-1,
6641-2,
6641-4,2 16382
6641-5,
6641-6,
6641-7,
6641-15,
3131-20,
3131-1,
3131-2,
3131-4,2 16382
3131-5,
3131-6,
3131-7,
3131-15,
2396-20,
2396-1,
2396-2,
2396-4,2 16382
2396-5,
2396-6,
2396-7,
2396-15,
5602-20,
5602-1,
5602-2,
5602-4,2 16382
5602-5,
5602-6,
5602-7,
5602-15,
2249-20,
2249-1,
2249-2,
2249-4,2 16382
2249-5,
2249-6,
2249-7,
2249-15,
5377-20,
5377-1,
5377-2,
5377-4,2 16382
5377-5,
5377-6,
5377-7,
5377-15,
304-20,
304-1,
304-2,
304-4,2 16382
304-5,
304-6,
304-7,
304-15,
3295-20,
3295-1,
3295-2,
3295-4,2 16382
3295-5,
3295-6,
3295-7,
3295-15,
640-20,
640-1,
640-2,
640-4,2 16382
640-5,
640-6,
640-7,
640-15,
6543-20,
6543-1,
6543-2,
6543-4,2 16382
6543-5,
6543-6,
6543-7,
6543-15,
3561-20,
3561-1,
3561-2,
3561-4,2 16382
3561-5,
3561-6,
3561-7,
3561-15,
3285-20,
3285-1,
3285-2,
3285-4,2 16382
3285-5,
3285-6,
3285-7,
3285-15,
4593-20,
4593-1,
4593-2,
4593-4,2 16382
4593-5,
4593-6,
4593-7,
4593-15,
4375-20,
4375-1,
4375-2,
4375-4,2 16382
4375-5,
4375-6,
4375-7,
4375-15,
1558-20,
1558-1,
1558-2,
1558-4,2 16382
1558-5,
1558-6,
1558-7,
1558-15,
5284-20,
5284-1,
5284-2,
5284-4,2 16382
5284-5,
5284-6,
5284-7,
5284-15,
4027-20,
4027-1,
4027-2,
4027-4,2 16382
4027-5,
4027-6,
4027-7,
4027-15,
227-20,
227-1,
227-2,
227-4,2 16382
227-5,
227-6,
227-7,
227-15,
1076-20,
1076-1,
1076-2,
1076-4,2 16382
1076-5,
1076-6,
1076-7,
1076-15,
1709-20,
1709-1,
1709-2,
1709-4,2 16382
1709-5,
1709-6,
1709-7,
1709-15,
161-20,
161-1,
161-2,
161-4,2 16382
161-5,
161-6,
161-7,
161-15,
5035-20,
5035-1,
5035-2,
5035-4,2 16382
5035-5,
5035-6,
5035-7,
5035-15,
398-20,
398-1,
398-2,
398-4,2 16382
398-5,
398-6,
398-7,
398-15,
4425-20,
4425-1,
4425-2,
4425-4,2 16382
4425-5,
4425-6,
4425-7,
4425-15,
1167-20,
1167-1,
1167-2,
1167-4,2 16382
1167-5,
1167-6,
1167-7,
1167-15,
2234-20,
2234-1,
2234-2,
2234-4,2 16382
2234-5,
2234-6,
2234-7,
2234-15,
4819-20,
4819-1,
4819-2,
4819-4,2 16382
4819-5,
4819-6,
4819-7,
4819-15,
5578-20,
5578-1,
5578-2,
5578-4,2 16382
5578-5,
5578-6,
5578-7,
5578-15,
6448-20,
6448-1,
6448-2,
6448-4,2 16382
6448-5,
6448-6,
6448-7,
6448-15,
2882-20,
2882-1,
2882-2,
2882-4,2 16382
2882-5,
2882-6,
2882-7,
2882-15,
1555-20,
1555-1,
1555-2,
1555-4,2 16382
1555-5,
1555-6,
1555-7,
1555-15,
6301-20,
6301-1,
6301-2,
6301-4,2 16382
6301-5,
6301-6,
6301-7,
6301-15,
5269-20,
5269-1,
5269-2,
5269-4,2 16382
5269-5,
5269-6,
5269-7,
5269-15,
5200-20,
5200-1,
5200-2,
5200-4,2 16382
5200-5,
5200-6,
5200-7,
5200-15,
5613-20,
5613-1,
5613-2,
5613-4,2 16382
5613-5,
5613-6,
5613-7,
5613-15,
6325-20,
6325-1,
6325-2,
6325-4,2 16382
6325-5,
6325-6,
6325-7,
6325-15,
6594-20,
6594-1,
6594-2,
6594-4,2 16382
6594-5,
6594-6,
6594-7,
6594-15,
2105-20,
2105-1,
2105-2,
2105-4,2 16382
2105-5,
2105-6,
2105-7,
2105-15,
4649-20,
4649-1,
4649-2,
4649-4,2 16382
4649-5,
4649-6,
4649-7,
4649-15,
6326-20,
6326-1,
6326-2,
6326-4,2 16382
6326-5,
6326-6,
6326-7,
6326-15,
5713-20,
5713-1,
5713-2,
5713-4,2 16382
5713-5,
5713-6,
5713-7,
5713-15,
882-20,
882-1,
882-2,
882-4,2 16382
882-5,
882-6,
882-7,
882-15,
1518-20,
1518-1,
1518-2,
1518-4,2 16382
1518-5,
1518-6,
1518-7,
1518-15,
3413-20,
3413-1,
3413-2,
3413-4,2 16382
3413-5,
3413-6,
3413-7,
3413-15,
5488-20,
5488-1,
5488-2,
5488-4,2 16382
5488-5,
5488-6,
5488-7,
5488-15,
4308-20,
4308-1,
4308-2,
4308-4,2 16382
4308-5,
4308-6,
4308-7,
4308-15,
6187-20,
6187-1,
6187-2,
6187-4,2 16382
6187-5,
6187-6,
6187-7,
6187-15,
4403-20,
4403-1,
4403-2,
4403-4,2 16382
4403-5,
4403-6,
4403-7,
4403-15,
535-20,
535-1,
535-2,
535-4,2 16382
535-5,
535-6,
535-7,
535-15,
19-20,
19-1,
19-2,
19-4,2 16382
19-5,
19-6,
19-7,
19-15,
2691-20,
2691-1,
2691-2,
2691-4,2 16382
2691-5,
2691-6,
2691-7,
2691-15,
94-20,
94-1,
94-2,
94-4,2 16382
94-5,
94-6,
94-7,
94-15,
585-20,
585-1,
585-2,
585-4,2 16382
585-5,
585-6,
585-7,
585-15,
2427-20,
2427-1,
2427-2,
2427-4,2 16382
2427-5,
2427-6,
2427-7,
2427-15,
3306-20,
3306-1,
3306-2,
3306-4,2 16382
3306-5,
3306-6,
3306-7,
3306-15,
5582-20,
5582-1,
5582-2,
5582-4,2 16382
5582-5,
5582-6,
5582-7,
5582-15,
327-20,
327-1,
327-2,
327-4,2 16382
327-5,
327-6,
327-7,
327-15,
2901-20,
2901-1,
2901-2,
2901-4,2 16382
2901-5,
2901-6,
2901-7,
2901-15,
4255-20,
4255-1,
4255-2,
4255-4,2 16382
4255-5,
4255-6,
4255-7,
4255-15,
4131-20,
4131-1,
4131-2,
4131-4,2 16382
4131-5,
4131-6,
4131-7,
4131-15,
5176-20,
5176-1,
5176-2,
5176-4,2 16382
5176-5,
5176-6,
5176-7,
5176-15,
3482-20,
3482-1,
3482-2,
3482-4,2 16382
3482-5,
3482-6,
3482-7,
3482-15,
485-20,
485-1,
485-2,
485-4,2 16382
485-5,
485-6,
485-7,
485-15,
5411-20,
5411-1,
5411-2,
5411-4,2 16382
5411-5,
5411-6,
5411-7,
5411-15,
1703-20,
1703-1,
1703-2,
1703-4,2 16382
1703-5,
1703-6,
1703-7,
1703-15,
4770-20,
4770-1,
4770-2,
4770-4,2 16382
4770-5,
4770-6,
4770-7,
4770-15,
3775-20,
3775-1,
3775-2,
3775-4,2 16382
3775-5,
3775-6,
3775-7,
3775-15,
723-20,
723-1,
723-2,
723-4,2 16382
723-5,
723-6,
723-7,
723-15,
1812-20,
1812-1,
1812-2,
1812-4,2 16382
1812-5,
1812-6,
1812-7,
1812-15,
3578-20,
3578-1,
3578-2,
3578-4,2 16382
3578-5,
3578-6,
3578-7,
3578-15,
2233-20,
2233-1,
2233-2,
2233-4,2 16382
2233-5,
2233-6,
2233-7,
2233-15,
2332-20,
2332-1,
2332-2,
2332-4,2 16382
2332-5,
2332-6,
2332-7,
2332-15,
99-20,
99-1,
99-2,
99-4,2 16382
99-5,
99-6,
99-7,
99-15,
3241-20,
3241-1,
3241-2,
3241-4,2 16382
3241-5,
3241-6,
3241-7,
3241-15,
3640-20,
3640-1,
3640-2,
3640-4,2 16382
3640-5,
3640-6,
3640-7,
3640-15,
6110-20,
6110-1,
6110-2,
6110-4,2 16382
6110-5,
6110-6,
6110-7,
6110-15,
6076-20,
6076-1,
6076-2,
6076-4,2 16382
6076-5,
6076-6,
6076-7,
6076-15,
3181-20,
3181-1,
3181-2,
3181-4,2 16382
3181-5,
3181-6,
3181-7,
3181-15,
849-20,
849-1,
849-2,
849-4,2 16382
849-5,
849-6,
849-7,
849-15,
1209-20,
1209-1,
1209-2,
1209-4,2 16382
1209-5,
1209-6,
1209-7,
1209-15,
263-20,
263-1,
263-2,
263-4,2 16382
263-5,
263-6,
263-7,
263-15,
772-20,
772-1,
772-2,
772-4,2 16382
772-5,
772-6,
772-7,
772-15,
5413-20,
5413-1,
5413-2,
5413-4,2 16382
5413-5,
5413-6,
5413-7,
5413-15,
1912-20,
1912-1,
1912-2,
1912-4,2 16382
1912-5,
1912-6,
1912-7,
1912-15,
3764-20,
3764-1,
3764-2,
3764-4,2 16382
3764-5,
3764-6,
3764-7,
3764-15,
5203-20,
5203-1,
5203-2,
5203-4,2 16382
5203-5,
5203-6,
5203-7,
5203-15,
3871-20,
3871-1,
3871-2,
3871-4,2 16382
3871-5,
3871-6,
3871-7,
3871-15,
6520-20,
6520-1,
6520-2,
6520-4,2 16382
6520-5,
6520-6,
6520-7,
6520-15,
2784-20,
2784-1,
2784-2,
2784-4,2 16382
2784-5,
2784-6,
2784-7,
2784-15,
6555-20,
6555-1,
6555-2,
6555-4,2 16382
6555-5,
6555-6,
6555-7,
6555-15,
2651-20,
2651-1,
2651-2,
2651-4,2 16382
2651-5,
2651-6,
2651-7,
2651-15,
2007-20,
2007-1,
2007-2,
2007-4,2 16382
2007-5,
2007-6,
2007-7,
2007-15,
888-20,
888-1,
888-2,
888-4,2 16382
888-5,
888-6,
888-7,
888-15,
5972-20,
5972-1,
5972-2,
5972-4,2 16382
5972-5,
5972-6,
5972-7,
5972-15,
4777-20,
4777-1,
4777-2,
4777-4,2 16382
4777-5,
4777-6,
4777-7,
4777-15,
965-20,
965-1,
965-2,
965-4,2 16382
965-5,
965-6,
965-7,
965-15,
2330-20,
2330-1,
2330-2,
2330-4,2 16382
2330-5,
2330-6,
2330-7,
2330-15,
625-20,
625-1,
625-2,
625-4,2 16382
625-5,
625-6,
625-7,
625-15,
2764-20,
2764-1,
2764-2,
2764-4,2 16382
2764-5,
2764-6,
2764-7,
2764-15,
3032-20,
3032-1,
3032-2,
3032-4,2 16382
3032-5,
3032-6,
3032-7,
3032-15,
5775-20,
5775-1,
5775-2,
5775-4,2 16382
5775-5,
5775-6,
5775-7,
5775-15,
1366-20,
1366-1,
1366-2,
1366-4,2 16382
1366-5,
1366-6,
1366-7,
1366-15,
6185-20,
6185-1,
6185-2,
6185-4,2 16382
6185-5,
6185-6,
6185-7,
6185-15,
6567-20,
6567-1,
6567-2,
6567-4,2 16382
6567-5,
6567-6,
6567-7,
6567-15,
6259-20,
6259-1,
6259-2,
6259-4,2 16382
6259-5,
6259-6,
6259-7,
6259-15,
5430-20,
5430-1,
5430-2,
5430-4,2 16382
5430-5,
5430-6,
5430-7,
5430-15,
2355-20,
2355-1,
2355-2,
2355-4,2 16382
2355-5,
2355-6,
2355-7,
2355-15,
1184-20,
1184-1,
1184-2,
1184-4,2 16382
1184-5,
1184-6,
1184-7,
1184-15,
3661-20,
3661-1,
3661-2,
3661-4,2 16382
3661-5,
3661-6,
3661-7,
3661-15,
5892-20,
5892-1,
5892-2,
5892-4,2 16382
5892-5,
5892-6,
5892-7,
5892-15,
4583-20,
4583-1,
4583-2,
4583-4,2 16382
4583-5,
4583-6,
4583-7,
4583-15,
4288-20,
4288-1,
4288-2,
4288-4,2 16382
4288-5,
4288-6,
4288-7,
4288-15,
82-20,
82-1,
82-2,
82-4,2 16382
82-5,
82-6,
82-7,
82-15,
1806-20,
1806-1,
1806-2,
1806-4,2 16382
1806-5,
1806-6,
1806-7,
1806-15,
848-20,
848-1,
848-2,
848-4,2 16382
848-5,
848-6,
848-7,
848-15,
6317-20,
6317-1,
6317-2,
6317-4,2 16382
6317-5,
6317-6,
6317-7,
6317-15,
2354-20,
2354-1,
2354-2,
2354-4,2 16382
2354-5,
2354-6,
2354-7,
2354-15,
1206-20,
1206-1,
1206-2,
1206-4,2 16382
1206-5,
1206-6,
1206-7,
1206-15,
4849-20,
4849-1,
4849-2,
4849-4,2 16382
4849-5,
4849-6,
4849-7,
4849-15,
1793-20,
1793-1,
1793-2,
1793-4,2 16382
1793-5,
1793-6,
1793-7,
1793-15,
4243-20,
4243-1,
4243-2,
4243-4,2 16382
4243-5,
4243-6,
4243-7,
4243-15,
1129-20,
1129-1,
1129-2,
1129-4,2 16382
1129-5,
1129-6,
1129-7,
1129-15,
1756-20,
1756-1,
1756-2,
1756-4,2 16382
1756-5,
1756-6,
1756-7,
1756-15,
6432-20,
6432-1,
6432-2,
6432-4,2 16382
6432-5,
6432-6,
6432-7,
6432-15,
3204-20,
3204-1,
3204-2,
3204-4,2 16382
3204-5,
3204-6,
3204-7,
3204-15,
5387-20,
5387-1,
5387-2,
5387-4,2 16382
5387-5,
5387-6,
5387-7,
5387-15,
473-20,
473-1,
473-2,
473-4,2 16382
473-5,
473-6,
473-7,
473-15,
6456-20,
6456-1,
6456-2,
6456-4,2 16382
6456-5,
6456-6,
6456-7,
6456-15,
1387-20,
1387-1,
1387-2,
1387-4,2 16382
1387-5,
1387-6,
1387-7,
1387-15,
1148-20,
1148-1,
1148-2,
1148-4,2 16382
1148-5,
1148-6,
1148-7,
1148-15,
1733-20,
1733-1,
1733-2,
1733-4,2 16382
1733-5,
1733-6,
1733-7,
1733-15,
5242-20,
5242-1,
5242-2,
5242-4,2 16382
5242-5,
5242-6,
5242-7,
5242-15,
1454-20,
1454-1,
1454-2,
1454-4,2 16382
1454-5,
1454-6,
1454-7,
1454-15,
713-20,
713-1,
713-2,
713-4,2 16382
713-5,
713-6,
713-7,
713-15,
2524-20,
2524-1,
2524-2,
2524-4,2 16382
2524-5,
2524-6,
2524-7,
2524-15,
194-20,
194-1,
194-2,
194-4,2 16382
194-5,
194-6,
194-7,
194-15,
5942-20,
5942-1,
5942-2,
5942-4,2 16382
5942-5,
5942-6,
5942-7,
5942-15,
726-20,
726-1,
726-2,
726-4,2 16382
726-5,
726-6,
726-7,
726-15,
1459-20,
1459-1,
1459-2,
1459-4,2 16382
1459-5,
1459-6,
1459-7,
1459-15,
4368-20,
4368-1,
4368-2,
4368-4,2 16382
4368-5,
4368-6,
4368-7,
4368-15,
2994-20,
2994-1,
2994-2,
2994-4,2 16382
2994-5,
2994-6,
2994-7,
2994-15,
6622-20,
6622-1,
6622-2,
6622-4,2 16382
6622-5,
6622-6,
6622-7,
6622-15,
5565-20,
5565-1,
5565-2,
5565-4,2 16382
5565-5,
5565-6,
5565-7,
5565-15,
1335-20,
1335-1,
1335-2,
1335-4,2 16382
1335-5,
1335-6,
1335-7,
1335-15,
4010-20,
4010-1,
4010-2,
4010-4,2 16382
4010-5,
4010-6,
4010-7,
4010-15,
1895-20,
1895-1,
1895-2,
1895-4,2 16382
1895-5,
1895-6,
1895-7,
1895-15,
5685-20,
5685-1,
5685-2,
5685-4,2 16382
5685-5,
5685-6,
5685-7,
5685-15,
3742-20,
3742-1,
3742-2,
3742-4,2 16382
3742-5,
3742-6,
3742-7,
3742-15,
2896-20,
2896-1,
2896-2,
2896-4,2 16382
2896-5,
2896-6,
2896-7,
2896-15,
4079-20,
4079-1,
4079-2,
4079-4,2 16382
4079-5,
4079-6,
4079-7,
4079-15,
1318-20,
1318-1,
1318-2,
1318-4,2 16382
1318-5,
1318-6,
1318-7,
1318-15,
5333-20,
5333-1,
5333-2,
5333-4,2 16382
5333-5,
5333-6,
5333-7,
5333-15,
5054-20,
5054-1,
5054-2,
5054-4,2 16382
5054-5,
5054-6,
5054-7,
5054-15,
2749-20,
2749-1,
2749-2,
2749-4,2 16382
2749-5,
2749-6,
2749-7,
2749-15,
4971-20,
4971-1,
4971-2,
4971-4,2 16382
4971-5,
4971-6,
4971-7,
4971-15,
5476-20,
5476-1,
5476-2,
5476-4,2 16382
5476-5,
5476-6,
5476-7,
5476-15,
6293-20,
6293-1,
6293-2,
6293-4,2 16382
6293-5,
6293-6,
6293-7,
6293-15,
5683-20,
5683-1,
5683-2,
5683-4,2 16382
5683-5,
5683-6,
5683-7,
5683-15,
5634-20,
5634-1,
5634-2,
5634-4,2 16382
5634-5,
5634-6,
5634-7,
5634-15,
5601-20,
5601-1,
5601-2,
5601-4,2 16382
5601-5,
5601-6,
5601-7,
5601-15,
889-20,
889-1,
889-2,
889-4,2 16382
889-5,
889-6,
889-7,
889-15,
3557-20,
3557-1,
3557-2,
3557-4,2 16382
3557-5,
3557-6,
3557-7,
3557-15,
4488-20,
4488-1,
4488-2,
4488-4,2 16382
4488-5,
4488-6,
4488-7,
4488-15,
1394-20,
1394-1,
1394-2,
1394-4,2 16382
1394-5,
1394-6,
1394-7,
1394-15,
4238-20,
4238-1,
4238-2,
4238-4,2 16382
4238-5,
4238-6,
4238-7,
4238-15,
571-20,
571-1,
571-2,
571-4,2 16382
571-5,
571-6,
571-7,
571-15,
2479-20,
2479-1,
2479-2,
2479-4,2 16382
2479-5,
2479-6,
2479-7,
2479-15,
2597-20,
2597-1,
2597-2,
2597-4,2 16382
2597-5,
2597-6,
2597-7,
2597-15,
785-20,
785-1,
785-2,
785-4,2 16382
785-5,
785-6,
785-7,
785-15,
3296-20,
3296-1,
3296-2,
3296-4,2 16382
3296-5,
3296-6,
3296-7,
3296-15,
865-20,
865-1,
865-2,
865-4,2 16382
865-5,
865-6,
865-7,
865-15,
4828-20,
4828-1,
4828-2,
4828-4,2 16382
4828-5,
4828-6,
4828-7,
4828-15,
6227-20,
6227-1,
6227-2,
6227-4,2 16382
6227-5,
6227-6,
6227-7,
6227-15,
572-20,
572-1,
572-2,
572-4,2 16382
572-5,
572-6,
572-7,
572-15,
4910-20,
4910-1,
4910-2,
4910-4,2 16382
4910-5,
4910-6,
4910-7,
4910-15,
4048-20,
4048-1,
4048-2,
4048-4,2 16382
4048-5,
4048-6,
4048-7,
4048-15,
3736-20,
3736-1,
3736-2,
3736-4,2 16382
3736-5,
3736-6,
3736-7,
3736-15,
2126-20,
2126-1,
2126-2,
2126-4,2 16382
2126-5,
2126-6,
2126-7,
2126-15,
4732-20,
4732-1,
4732-2,
4732-4,2 16382
4732-5,
4732-6,
4732-7,
4732-15,
1493-20,
1493-1,
1493-2,
1493-4,2 16382
1493-5,
1493-6,
1493-7,
1493-15,
5558-20,
5558-1,
5558-2,
5558-4,2 16382
5558-5,
5558-6,
5558-7,
5558-15,
1155-20,
1155-1,
1155-2,
1155-4,2 16382
1155-5,
1155-6,
1155-7,
1155-15,
5622-20,
5622-1,
5622-2,
5622-4,2 16382
5622-5,
5622-6,
5622-7,
5622-15,
4379-20,
4379-1,
4379-2,
4379-4,2 16382
4379-5,
4379-6,
4379-7,
4379-15,
6041-20,
6041-1,
6041-2,
6041-4,2 16382
6041-5,
6041-6,
6041-7,
6041-15,
5863-20,
5863-1,
5863-2,
5863-4,2 16382
5863-5,
5863-6,
5863-7,
5863-15,
1114-20,
1114-1,
1114-2,
1114-4,2 16382
1114-5,
1114-6,
1114-7,
1114-15,
1889-20,
1889-1,
1889-2,
1889-4,2 16382
1889-5,
1889-6,
1889-7,
1889-15,
2442-20,
2442-1,
2442-2,
2442-4,2 16382
2442-5,
2442-6,
2442-7,
2442-15,
5687-20,
5687-1,
5687-2,
5687-4,2 16382
5687-5,
5687-6,
5687-7,
5687-15,
2965-20,
2965-1,
2965-2,
2965-4,2 16382
2965-5,
2965-6,
2965-7,
2965-15,
5016-20,
5016-1,
5016-2,
5016-4,2 16382
5016-5,
5016-6,
5016-7,
5016-15,
4515-20,
4515-1,
4515-2,
4515-4,2 16382
4515-5,
4515-6,
4515-7,
4515-15,
6395-20,
6395-1,
6395-2,
6395-4,2 16382
6395-5,
6395-6,
6395-7,
6395-15,
4640-20,
4640-1,
4640-2,
4640-4,2 16382
4640-5,
4640-6,
4640-7,
4640-15,
766-20,
766-1,
766-2,
766-4,2 16382
766-5,
766-6,
766-7,
766-15,
2872-20,
2872-1,
2872-2,
2872-4,2 16382
2872-5,
2872-6,
2872-7,
2872-15,
4727-20,
4727-1,
4727-2,
4727-4,2 16382
4727-5,
4727-6,
4727-7,
4727-15,
6171-20,
6171-1,
6171-2,
6171-4,2 16382
6171-5,
6171-6,
6171-7,
6171-15,
3405-20,
3405-1,
3405-2,
3405-4,2 16382
3405-5,
3405-6,
3405-7,
3405-15,
1574-20,
1574-1,
1574-2,
1574-4,2 16382
1574-5,
1574-6,
1574-7,
1574-15,
5257-20,
5257-1,
5257-2,
5257-4,2 16382
5257-5,
5257-6,
5257-7,
5257-15,
2817-20,
2817-1,
2817-2,
2817-4,2 16382
2817-5,
2817-6,
2817-7,
2817-15,
4269-20,
4269-1,
4269-2,
4269-4,2 16382
4269-5,
4269-6,
4269-7,
4269-15,
1216-20,
1216-1,
1216-2,
1216-4,2 16382
1216-5,
1216-6,
1216-7,
1216-15,
4248-20,
4248-1,
4248-2,
4248-4,2 16382
4248-5,
4248-6,
4248-7,
4248-15,
2417-20,
2417-1,
2417-2,
2417-4,2 16382
2417-5,
2417-6,
2417-7,
2417-15,
4902-20,
4902-1,
4902-2,
4902-4,2 16382
4902-5,
4902-6,
4902-7,
4902-15,
780-20,
780-1,
780-2,
780-4,2 16382
780-5,
780-6,
780-7,
780-15,
1041-20,
1041-1,
1041-2,
1041-4,2 16382
1041-5,
1041-6,
1041-7,
1041-15,
478-20,
478-1,
478-2,
478-4,2 16382
478-5,
478-6,
478-7,
478-15,
3567-20,
3567-1,
3567-2,
3567-4,2 16382
3567-5,
3567-6,
3567-7,
3567-15,
2050-20,
2050-1,
2050-2,
2050-4,2 16382
2050-5,
2050-6,
2050-7,
2050-15,
6544-20,
6544-1,
6544-2,
6544-4,2 16382
6544-5,
6544-6,
6544-7,
6544-15,
3729-20,
3729-1,
3729-2,
3729-4,2 16382
3729-5,
3729-6,
3729-7,
3729-15,
3065-20,
3065-1,
3065-2,
3065-4,2 16382
3065-5,
3065-6,
3065-7,
3065-15,
6460-20,
6460-1,
6460-2,
6460-4,2 16382
6460-5,
6460-6,
6460-7,
6460-15,
5151-20,
5151-1,
5151-2,
5151-4,2 16382
5151-5,
5151-6,
5151-7,
5151-15,
4417-20,
4417-1,
4417-2,
4417-4,2 16382
4417-5,
4417-6,
4417-7,
4417-15,
3328-20,
3328-1,
3328-2,
3328-4,2 16382
3328-5,
3328-6,
3328-7,
3328-15,
2164-20,
2164-1,
2164-2,
2164-4,2 16382
2164-5,
2164-6,
2164-7,
2164-15,
4561-20,
4561-1,
4561-2,
4561-4,2 16382
4561-5,
4561-6,
4561-7,
4561-15,
399-20,
399-1,
399-2,
399-4,2 16382
399-5,
399-6,
399-7,
399-15,
5362-20,
5362-1,
5362-2,
5362-4,2 16382
5362-5,
5362-6,
5362-7,
5362-15,
1072-20,
1072-1,
1072-2,
1072-4,2 16382
1072-5,
1072-6,
1072-7,
1072-15,
5201-20,
5201-1,
5201-2,
5201-4,2 16382
5201-5,
5201-6,
5201-7,
5201-15,
5628-20,
5628-1,
5628-2,
5628-4,2 16382
5628-5,
5628-6,
5628-7,
5628-15,
396-20,
396-1,
396-2,
396-4,2 16382
396-5,
396-6,
396-7,
396-15,
6353-20,
6353-1,
6353-2,
6353-4,2 16382
6353-5,
6353-6,
6353-7,
6353-15,
5656-20,
5656-1,
5656-2,
5656-4,2 16382
5656-5,
5656-6,
5656-7,
5656-15,
5021-20,
5021-1,
5021-2,
5021-4,2 16382
5021-5,
5021-6,
5021-7,
5021-15,
5600-20,
5600-1,
5600-2,
5600-4,2 16382
5600-5,
5600-6,
5600-7,
5600-15,
5314-20,
5314-1,
5314-2,
5314-4,2 16382
5314-5,
5314-6,
5314-7,
5314-15,
3666-20,
3666-1,
3666-2,
3666-4,2 16382
3666-5,
3666-6,
3666-7,
3666-15,
5714-20,
5714-1,
5714-2,
5714-4,2 16382
5714-5,
5714-6,
5714-7,
5714-15,
4316-20,
4316-1,
4316-2,
4316-4,2 16382
4316-5,
4316-6,
4316-7,
4316-15,
2785-20,
2785-1,
2785-2,
2785-4,2 16382
2785-5,
2785-6,
2785-7,
2785-15,
423-20,
423-1,
423-2,
423-4,2 16382
423-5,
423-6,
423-7,
423-15,
3768-20,
3768-1,
3768-2,
3768-4,2 16382
3768-5,
3768-6,
3768-7,
3768-15,
3555-20,
3555-1,
3555-2,
3555-4,2 16382
3555-5,
3555-6,
3555-7,
3555-15,
2636-20,
2636-1,
2636-2,
2636-4,2 16382
2636-5,
2636-6,
2636-7,
2636-15,
5061-20,
5061-1,
5061-2,
5061-4,2 16382
5061-5,
5061-6,
5061-7,
5061-15,
5469-20,
5469-1,
5469-2,
5469-4,2 16382
5469-5,
5469-6,
5469-7,
5469-15,
1672-20,
1672-1,
1672-2,
1672-4,2 16382
1672-5,
1672-6,
1672-7,
1672-15,
3627-20,
3627-1,
3627-2,
3627-4,2 16382
3627-5,
3627-6,
3627-7,
3627-15,
493-20,
493-1,
493-2,
493-4,2 16382
493-5,
493-6,
493-7,
493-15,
851-20,
851-1,
851-2,
851-4,2 16382
851-5,
851-6,
851-7,
851-15,
1905-20,
1905-1,
1905-2,
1905-4,2 16382
1905-5,
1905-6,
1905-7,
1905-15,
5999-20,
5999-1,
5999-2,
5999-4,2 16382
5999-5,
5999-6,
5999-7,
5999-15,
393-20,
393-1,
393-2,
393-4,2 16382
393-5,
393-6,
393-7,
393-15,
3464-20,
3464-1,
3464-2,
3464-4,2 16382
3464-5,
3464-6,
3464-7,
3464-15,
158-20,
158-1,
158-2,
158-4,2 16382
158-5,
158-6,
158-7,
158-15,
5294-20,
5294-1,
5294-2,
5294-4,2 16382
5294-5,
5294-6,
5294-7,
5294-15,
4811-20,
4811-1,
4811-2,
4811-4,2 16382
4811-5,
4811-6,
4811-7,
4811-15,
429-20,
429-1,
429-2,
429-4,2 16382
429-5,
429-6,
429-7,
429-15,
3321-20,
3321-1,
3321-2,
3321-4,2 16382
3321-5,
3321-6,
3321-7,
3321-15,
3792-20,
3792-1,
3792-2,
3792-4,2 16382
3792-5,
3792-6,
3792-7,
3792-15,
660-20,
660-1,
660-2,
660-4,2 16382
660-5,
660-6,
660-7,
660-15,
918-20,
918-1,
918-2,
918-4,2 16382
918-5,
918-6,
918-7,
918-15,
1559-20,
1559-1,
1559-2,
1559-4,2 16382
1559-5,
1559-6,
1559-7,
1559-15,
4827-20,
4827-1,
4827-2,
4827-4,2 16382
4827-5,
4827-6,
4827-7,
4827-15,
3566-20,
3566-1,
3566-2,
3566-4,2 16382
3566-5,
3566-6,
3566-7,
3566-15,
2570-20,
2570-1,
2570-2,
2570-4,2 16382
2570-5,
2570-6,
2570-7,
2570-15,
3467-20,
3467-1,
3467-2,
3467-4,2 16382
3467-5,
3467-6,
3467-7,
3467-15,
5843-20,
5843-1,
5843-2,
5843-4,2 16382
5843-5,
5843-6,
5843-7,
5843-15,
1804-20,
1804-1,
1804-2,
1804-4,2 16382
1804-5,
1804-6,
1804-7,
1804-15,
2960-20,
2960-1,
2960-2,
2960-4,2 16382
2960-5,
2960-6,
2960-7,
2960-15,
3456-20,
3456-1,
3456-2,
3456-4,2 16382
3456-5,
3456-6,
3456-7,
3456-15,
1398-20,
1398-1,
1398-2,
1398-4,2 16382
1398-5,
1398-6,
1398-7,
1398-15,
906-20,
906-1,
906-2,
906-4,2 16382
906-5,
906-6,
906-7,
906-15,
4723-20,
4723-1,
4723-2,
4723-4,2 16382
4723-5,
4723-6,
4723-7,
4723-15,
5328-20,
5328-1,
5328-2,
5328-4,2 16382
5328-5,
5328-6,
5328-7,
5328-15,
6391-20,
6391-1,
6391-2,
6391-4,2 16382
6391-5,
6391-6,
6391-7,
6391-15,
4202-20,
4202-1,
4202-2,
4202-4,2 16382
4202-5,
4202-6,
4202-7,
4202-15,
1509-20,
1509-1,
1509-2,
1509-4,2 16382
1509-5,
1509-6,
1509-7,
1509-15,
2662-20,
2662-1,
2662-2,
2662-4,2 16382
2662-5,
2662-6,
2662-7,
2662-15,
3117-20,
3117-1,
3117-2,
3117-4,2 16382
3117-5,
3117-6,
3117-7,
3117-15,
5300-20,
5300-1,
5300-2,
5300-4,2 16382
5300-5,
5300-6,
5300-7,
5300-15,
4624-20,
4624-1,
4624-2,
4624-4,2 16382
4624-5,
4624-6,
4624-7,
4624-15,
5825-20,
5825-1,
5825-2,
5825-4,2 16382
5825-5,
5825-6,
5825-7,
5825-15,
621-20,
621-1,
621-2,
621-4,2 16382
621-5,
621-6,
621-7,
621-15,
272-20,
272-1,
272-2,
272-4,2 16382
272-5,
272-6,
272-7,
272-15,
3746-20,
3746-1,
3746-2,
3746-4,2 16382
3746-5,
3746-6,
3746-7,
3746-15,
1819-20,
1819-1,
1819-2,
1819-4,2 16382
1819-5,
1819-6,
1819-7,
1819-15,
4470-20,
4470-1,
4470-2,
4470-4,2 16382
4470-5,
4470-6,
4470-7,
4470-15,
5105-20,
5105-1,
5105-2,
5105-4,2 16382
5105-5,
5105-6,
5105-7,
5105-15,
4507-20,
4507-1,
4507-2,
4507-4,2 16382
4507-5,
4507-6,
4507-7,
4507-15,
3698-20,
3698-1,
3698-2,
3698-4,2 16382
3698-5,
3698-6,
3698-7,
3698-15,
5941-20,
5941-1,
5941-2,
5941-4,2 16382
5941-5,
5941-6,
5941-7,
5941-15,
914-20,
914-1,
914-2,
914-4,2 16382
914-5,
914-6,
914-7,
914-15,
4314-20,
4314-1,
4314-2,
4314-4,2 16382
4314-5,
4314-6,
4314-7,
4314-15,
5529-20,
5529-1,
5529-2,
5529-4,2 16382
5529-5,
5529-6,
5529-7,
5529-15,
5828-20,
5828-1,
5828-2,
5828-4,2 16382
5828-5,
5828-6,
5828-7,
5828-15,
1759-20,
1759-1,
1759-2,
1759-4,2 16382
1759-5,
1759-6,
1759-7,
1759-15,
1284-20,
1284-1,
1284-2,
1284-4,2 16382
1284-5,
1284-6,
1284-7,
1284-15,
5734-20,
5734-1,
5734-2,
5734-4,2 16382
5734-5,
5734-6,
5734-7,
5734-15,
5835-20,
5835-1,
5835-2,
5835-4,2 16382
5835-5,
5835-6,
5835-7,
5835-15,
310-20,
310-1,
310-2,
310-4,2 16382
310-5,
310-6,
310-7,
310-15,
4416-20,
4416-1,
4416-2,
4416-4,2 16382
4416-5,
4416-6,
4416-7,
4416-15,
3048-20,
3048-1,
3048-2,
3048-4,2 16382
3048-5,
3048-6,
3048-7,
3048-15,
525-20,
525-1,
525-2,
525-4,2 16382
525-5,
525-6,
525-7,
525-15,
338-20,
338-1,
338-2,
338-4,2 16382
338-5,
338-6,
338-7,
338-15,
11-20,
11-1,
11-2,
11-4,2 16382
11-5,
11-6,
11-7,
11-15,
5635-20,
5635-1,
5635-2,
5635-4,2 16382
5635-5,
5635-6,
5635-7,
5635-15,
1288-20,
1288-1,
1288-2,
1288-4,2 16382
1288-5,
1288-6,
1288-7,
1288-15,
5271-20,
5271-1,
5271-2,
5271-4,2 16382
5271-5,
5271-6,
5271-7,
5271-15,
2346-20,
2346-1,
2346-2,
2346-4,2 16382
2346-5,
2346-6,
2346-7,
2346-15,
4730-20,
4730-1,
4730-2,
4730-4,2 16382
4730-5,
4730-6,
4730-7,
4730-15,
6453-20,
6453-1,
6453-2,
6453-4,2 16382
6453-5,
6453-6,
6453-7,
6453-15,
2459-20,
2459-1,
2459-2,
2459-4,2 16382
2459-5,
2459-6,
2459-7,
2459-15,
4952-20,
4952-1,
4952-2,
4952-4,2 16382
4952-5,
4952-6,
4952-7,
4952-15,
4194-20,
4194-1,
4194-2,
4194-4,2 16382
4194-5,
4194-6,
4194-7,
4194-15,
6177-20,
6177-1,
6177-2,
6177-4,2 16382
6177-5,
6177-6,
6177-7,
6177-15,
6559-20,
6559-1,
6559-2,
6559-4,2 16382
6559-5,
6559-6,
6559-7,
6559-15,
3787-20,
3787-1,
3787-2,
3787-4,2 16382
3787-5,
3787-6,
3787-7,
3787-15,
2596-20,
2596-1,
2596-2,
2596-4,2 16382
2596-5,
2596-6,
2596-7,
2596-15,
742-20,
742-1,
742-2,
742-4,2 16382
742-5,
742-6,
742-7,
742-15,
3912-20,
3912-1,
3912-2,
3912-4,2 16382
3912-5,
3912-6,
3912-7,
3912-15,
2150-20,
2150-1,
2150-2,
2150-4,2 16382
2150-5,
2150-6,
2150-7,
2150-15,
2922-20,
2922-1,
2922-2,
2922-4,2 16382
2922-5,
2922-6,
2922-7,
2922-15,
3402-20,
3402-1,
3402-2,
3402-4,2 16382
3402-5,
3402-6,
3402-7,
3402-15,
4644-20,
4644-1,
4644-2,
4644-4,2 16382
4644-5,
4644-6,
4644-7,
4644-15,
6280-20,
6280-1,
6280-2,
6280-4,2 16382
6280-5,
6280-6,
6280-7,
6280-15,
1450-20,
1450-1,
1450-2,
1450-4,2 16382
1450-5,
1450-6,
1450-7,
1450-15,
3858-20,
3858-1,
3858-2,
3858-4,2 16382
3858-5,
3858-6,
3858-7,
3858-15,
4650-20,
4650-1,
4650-2,
4650-4,2 16382
4650-5,
4650-6,
4650-7,
4650-15,
950-20,
950-1,
950-2,
950-4,2 16382
950-5,
950-6,
950-7,
950-15,
5704-20,
5704-1,
5704-2,
5704-4,2 16382
5704-5,
5704-6,
5704-7,
5704-15,
5874-20,
5874-1,
5874-2,
5874-4,2 16382
5874-5,
5874-6,
5874-7,
5874-15,
4843-20,
4843-1,
4843-2,
4843-4,2 16382
4843-5,
4843-6,
4843-7,
4843-15,
4550-20,
4550-1,
4550-2,
4550-4,2 16382
4550-5,
4550-6,
4550-7,
4550-15,
6533-20,
6533-1,
6533-2,
6533-4,2 16382
6533-5,
6533-6,
6533-7,
6533-15,
3190-20,
3190-1,
3190-2,
3190-4,2 16382
3190-5,
3190-6,
3190-7,
3190-15,
3429-20,
3429-1,
3429-2,
3429-4,2 16382
3429-5,
3429-6,
3429-7,
3429-15,
1409-20,
1409-1,
1409-2,
1409-4,2 16382
1409-5,
1409-6,
1409-7,
1409-15,
410-20,
410-1,
410-2,
410-4,2 16382
410-5,
410-6,
410-7,
410-15,
4398-20,
4398-1,
4398-2,
4398-4,2 16382
4398-5,
4398-6,
4398-7,
4398-15,
3863-20,
3863-1,
3863-2,
3863-4,2 16382
3863-5,
3863-6,
3863-7,
3863-15,
2544-20,
2544-1,
2544-2,
2544-4,2 16382
2544-5,
2544-6,
2544-7,
2544-15,
6488-20,
6488-1,
6488-2,
6488-4,2 16382
6488-5,
6488-6,
6488-7,
6488-15,
1399-20,
1399-1,
1399-2,
1399-4,2 16382
1399-5,
1399-6,
1399-7,
1399-15,
5141-20,
5141-1,
5141-2,
5141-4,2 16382
5141-5,
5141-6,
5141-7,
5141-15,
458-20,
458-1,
458-2,
458-4,2 16382
458-5,
458-6,
458-7,
458-15,
6053-20,
6053-1,
6053-2,
6053-4,2 16382
6053-5,
6053-6,
6053-7,
6053-15,
2862-20,
2862-1,
2862-2,
2862-4,2 16382
2862-5,
2862-6,
2862-7,
2862-15,
6075-20,
6075-1,
6075-2,
6075-4,2 16382
6075-5,
6075-6,
6075-7,
6075-15,
4214-20,
4214-1,
4214-2,
4214-4,2 16382
4214-5,
4214-6,
4214-7,
4214-15,
5814-20,
5814-1,
5814-2,
5814-4,2 16382
5814-5,
5814-6,
5814-7,
5814-15,
5495-20,
5495-1,
5495-2,
5495-4,2 16382
5495-5,
5495-6,
5495-7,
5495-15,
4544-20,
4544-1,
4544-2,
4544-4,2 16382
4544-5,
4544-6,
4544-7,
4544-15,
694-20,
694-1,
694-2,
694-4,2 16382
694-5,
694-6,
694-7,
694-15,
880-20,
880-1,
880-2,
880-4,2 16382
880-5,
880-6,
880-7,
880-15,
5994-20,
5994-1,
5994-2,
5994-4,2 16382
5994-5,
5994-6,
5994-7,
5994-15,
176-20,
176-1,
176-2,
176-4,2 16382
176-5,
176-6,
176-7,
176-15,
69-20,
69-1,
69-2,
69-4,2 16382
69-5,
69-6,
69-7,
69-15,
4101-20,
4101-1,
4101-2,
4101-4,2 16382
4101-5,
4101-6,
4101-7,
4101-15,
6253-20,
6253-1,
6253-2,
6253-4,2 16382
6253-5,
6253-6,
6253-7,
6253-15,
6279-20,
6279-1,
6279-2,
6279-4,2 16382
6279-5,
6279-6,
6279-7,
6279-15,
3735-20,
3735-1,
3735-2,
3735-4,2 16382
3735-5,
3735-6,
3735-7,
3735-15,
5033-20,
5033-1,
5033-2,
5033-4,2 16382
5033-5,
5033-6,
5033-7,
5033-15,
4176-20,
4176-1,
4176-2,
4176-4,2 16382
4176-5,
4176-6,
4176-7,
4176-15,
6128-20,
6128-1,
6128-2,
6128-4,2 16382
6128-5,
6128-6,
6128-7,
6128-15,
3203-20,
3203-1,
3203-2,
3203-4,2 16382
3203-5,
3203-6,
3203-7,
3203-15,
2387-20,
2387-1,
2387-2,
2387-4,2 16382
2387-5,
2387-6,
2387-7,
2387-15,
3707-20,
3707-1,
3707-2,
3707-4,2 16382
3707-5,
3707-6,
3707-7,
3707-15,
4790-20,
4790-1,
4790-2,
4790-4,2 16382
4790-5,
4790-6,
4790-7,
4790-15,
1190-20,
1190-1,
1190-2,
1190-4,2 16382
1190-5,
1190-6,
1190-7,
1190-15,
4602-20,
4602-1,
4602-2,
4602-4,2 16382
4602-5,
4602-6,
4602-7,
4602-15,
4370-20,
4370-1,
4370-2,
4370-4,2 16382
4370-5,
4370-6,
4370-7,
4370-15,
6619-20,
6619-1,
6619-2,
6619-4,2 16382
6619-5,
6619-6,
6619-7,
6619-15,
2199-20,
2199-1,
2199-2,
2199-4,2 16382
2199-5,
2199-6,
2199-7,
2199-15,
1071-20,
1071-1,
1071-2,
1071-4,2 16382
1071-5,
1071-6,
1071-7,
1071-15,
1309-20,
1309-1,
1309-2,
1309-4,2 16382
1309-5,
1309-6,
1309-7,
1309-15,
4589-20,
4589-1,
4589-2,
4589-4,2 16382
4589-5,
4589-6,
4589-7,
4589-15,
674-20,
674-1,
674-2,
674-4,2 16382
674-5,
674-6,
674-7,
674-15,
5463-20,
5463-1,
5463-2,
5463-4,2 16382
5463-5,
5463-6,
5463-7,
5463-15,
2316-20,
2316-1,
2316-2,
2316-4,2 16382
2316-5,
2316-6,
2316-7,
2316-15,
1572-20,
1572-1,
1572-2,
1572-4,2 16382
1572-5,
1572-6,
1572-7,
1572-15,
2847-20,
2847-1,
2847-2,
2847-4,2 16382
2847-5,
2847-6,
2847-7,
2847-15,
3149-20,
3149-1,
3149-2,
3149-4,2 16382
3149-5,
3149-6,
3149-7,
3149-15,
3253-20,
3253-1,
3253-2,
3253-4,2 16382
3253-5,
3253-6,
3253-7,
3253-15,
1096-20,
1096-1,
1096-2,
1096-4,2 16382
1096-5,
1096-6,
1096-7,
1096-15,
4575-20,
4575-1,
4575-2,
4575-4,2 16382
4575-5,
4575-6,
4575-7,
4575-15,
980-20,
980-1,
980-2,
980-4,2 16382
980-5,
980-6,
980-7,
980-15,
1526-20,
1526-1,
1526-2,
1526-4,2 16382
1526-5,
1526-6,
1526-7,
1526-15,
2907-20,
2907-1,
2907-2,
2907-4,2 16382
2907-5,
2907-6,
2907-7,
2907-15,
3335-20,
3335-1,
3335-2,
3335-4,2 16382
3335-5,
3335-6,
3335-7,
3335-15,
1563-20,
1563-1,
1563-2,
1563-4,2 16382
1563-5,
1563-6,
1563-7,
1563-15,
4917-20,
4917-1,
4917-2,
4917-4,2 16382
4917-5,
4917-6,
4917-7,
4917-15,
4088-20,
4088-1,
4088-2,
4088-4,2 16382
4088-5,
4088-6,
4088-7,
4088-15,
2456-20,
2456-1,
2456-2,
2456-4,2 16382
2456-5,
2456-6,
2456-7,
2456-15,
6034-20,
6034-1,
6034-2,
6034-4,2 16382
6034-5,
6034-6,
6034-7,
6034-15,
574-20,
574-1,
574-2,
574-4,2 16382
574-5,
574-6,
574-7,
574-15,
3344-20,
3344-1,
3344-2,
3344-4,2 16382
3344-5,
3344-6,
3344-7,
3344-15,
376-20,
376-1,
376-2,
376-4,2 16382
376-5,
376-6,
376-7,
376-15,
5293-20,
5293-1,
5293-2,
5293-4,2 16382
5293-5,
5293-6,
5293-7,
5293-15,
1175-20,
1175-1,
1175-2,
1175-4,2 16382
1175-5,
1175-6,
1175-7,
1175-15,
5154-20,
5154-1,
5154-2,
5154-4,2 16382
5154-5,
5154-6,
5154-7,
5154-15,
5610-20,
5610-1,
5610-2,
5610-4,2 16382
5610-5,
5610-6,
5610-7,
5610-15,
4265-20,
4265-1,
4265-2,
4265-4,2 16382
4265-5,
4265-6,
4265-7,
4265-15,
3367-20,
3367-1,
3367-2,
3367-4,2 16382
3367-5,
3367-6,
3367-7,
3367-15,
5225-20,
5225-1,
5225-2,
5225-4,2 16382
5225-5,
5225-6,
5225-7,
5225-15,
4209-20,
4209-1,
4209-2,
4209-4,2 16382
4209-5,
4209-6,
4209-7,
4209-15,
4977-20,
4977-1,
4977-2,
4977-4,2 16382
4977-5,
4977-6,
4977-7,
4977-15,
657-20,
657-1,
657-2,
657-4,2 16382
657-5,
657-6,
657-7,
657-15,
5748-20,
5748-1,
5748-2,
5748-4,2 16382
5748-5,
5748-6,
5748-7,
5748-15,
1885-20,
1885-1,
1885-2,
1885-4,2 16382
1885-5,
1885-6,
1885-7,
1885-15,
3462-20,
3462-1,
3462-2,
3462-4,2 16382
3462-5,
3462-6,
3462-7,
3462-15,
702-20,
702-1,
702-2,
702-4,2 16382
702-5,
702-6,
702-7,
702-15,
5545-20,
5545-1,
5545-2,
5545-4,2 16382
5545-5,
5545-6,
5545-7,
5545-15,
3308-20,
3308-1,
3308-2,
3308-4,2 16382
3308-5,
3308-6,
3308-7,
3308-15,
5789-20,
5789-1,
5789-2,
5789-4,2 16382
5789-5,
5789-6,
5789-7,
5789-15,
1787-20,
1787-1,
1787-2,
1787-4,2 16382
1787-5,
1787-6,
1787-7,
1787-15,
4706-20,
4706-1,
4706-2,
4706-4,2 16382
4706-5,
4706-6,
4706-7,
4706-15,
4867-20,
4867-1,
4867-2,
4867-4,2 16382
4867-5,
4867-6,
4867-7,
4867-15,
3445-20,
3445-1,
3445-2,
3445-4,2 16382
3445-5,
3445-6,
3445-7,
3445-15,
4327-20,
4327-1,
4327-2,
4327-4,2 16382
4327-5,
4327-6,
4327-7,
4327-15,
4304-20,
4304-1,
4304-2,
4304-4,2 16382
4304-5,
4304-6,
4304-7,
4304-15,
4509-20,
4509-1,
4509-2,
4509-4,2 16382
4509-5,
4509-6,
4509-7,
4509-15,
1004-20,
1004-1,
1004-2,
1004-4,2 16382
1004-5,
1004-6,
1004-7,
1004-15,
359-20,
359-1,
359-2,
359-4,2 16382
359-5,
359-6,
359-7,
359-15,
3310-20,
3310-1,
3310-2,
3310-4,2 16382
3310-5,
3310-6,
3310-7,
3310-15,
4324-20,
4324-1,
4324-2,
4324-4,2 16382
4324-5,
4324-6,
4324-7,
4324-15,
1836-20,
1836-1,
1836-2,
1836-4,2 16382
1836-5,
1836-6,
1836-7,
1836-15,
2610-20,
2610-1,
2610-2,
2610-4,2 16382
2610-5,
2610-6,
2610-7,
2610-15,
6198-20,
6198-1,
6198-2,
6198-4,2 16382
6198-5,
6198-6,
6198-7,
6198-15,
3497-20,
3497-1,
3497-2,
3497-4,2 16382
3497-5,
3497-6,
3497-7,
3497-15,
4557-20,
4557-1,
4557-2,
4557-4,2 16382
4557-5,
4557-6,
4557-7,
4557-15,
3848-20,
3848-1,
3848-2,
3848-4,2 16382
3848-5,
3848-6,
3848-7,
3848-15,
1589-20,
1589-1,
1589-2,
1589-4,2 16382
1589-5,
1589-6,
1589-7,
1589-15,
4486-20,
4486-1,
4486-2,
4486-4,2 16382
4486-5,
4486-6,
4486-7,
4486-15,
6504-20,
6504-1,
6504-2,
6504-4,2 16382
6504-5,
6504-6,
6504-7,
6504-15,
2618-20,
2618-1,
2618-2,
2618-4,2 16382
2618-5,
2618-6,
2618-7,
2618-15,
903-20,
903-1,
903-2,
903-4,2 16382
903-5,
903-6,
903-7,
903-15,
3451-20,
3451-1,
3451-2,
3451-4,2 16382
3451-5,
3451-6,
3451-7,
3451-15,
979-20,
979-1,
979-2,
979-4,2 16382
979-5,
979-6,
979-7,
979-15,
3734-20,
3734-1,
3734-2,
3734-4,2 16382
3734-5,
3734-6,
3734-7,
3734-15,
6311-20,
6311-1,
6311-2,
6311-4,2 16382
6311-5,
6311-6,
6311-7,
6311-15,
6083-20,
6083-1,
6083-2,
6083-4,2 16382
6083-5,
6083-6,
6083-7,
6083-15,
23-20,
23-1,
23-2,
23-4,2 16382
23-5,
23-6,
23-7,
23-15,
2372-20,
2372-1,
2372-2,
2372-4,2 16382
2372-5,
2372-6,
2372-7,
2372-15,
5548-20,
5548-1,
5548-2,
5548-4,2 16382
5548-5,
5548-6,
5548-7,
5548-15,
2334-20,
2334-1,
2334-2,
2334-4,2 16382
2334-5,
2334-6,
2334-7,
2334-15,
228-20,
228-1,
228-2,
228-4,2 16382
228-5,
228-6,
228-7,
228-15,
4443-20,
4443-1,
4443-2,
4443-4,2 16382
4443-5,
4443-6,
4443-7,
4443-15,
4986-20,
4986-1,
4986-2,
4986-4,2 16382
4986-5,
4986-6,
4986-7,
4986-15,
6111-20,
6111-1,
6111-2,
6111-4,2 16382
6111-5,
6111-6,
6111-7,
6111-15,
3022-20,
3022-1,
3022-2,
3022-4,2 16382
3022-5,
3022-6,
3022-7,
3022-15,
6079-20,
6079-1,
6079-2,
6079-4,2 16382
6079-5,
6079-6,
6079-7,
6079-15,
3500-20,
3500-1,
3500-2,
3500-4,2 16382
3500-5,
3500-6,
3500-7,
3500-15,
2046-20,
2046-1,
2046-2,
2046-4,2 16382
2046-5,
2046-6,
2046-7,
2046-15,
1719-20,
1719-1,
1719-2,
1719-4,2 16382
1719-5,
1719-6,
1719-7,
1719-15,
2143-20,
2143-1,
2143-2,
2143-4,2 16382
2143-5,
2143-6,
2143-7,
2143-15,
5737-20,
5737-1,
5737-2,
5737-4,2 16382
5737-5,
5737-6,
5737-7,
5737-15,
1992-20,
1992-1,
1992-2,
1992-4,2 16382
1992-5,
1992-6,
1992-7,
1992-15,
3951-20,
3951-1,
3951-2,
3951-4,2 16382
3951-5,
3951-6,
3951-7,
3951-15,
1692-20,
1692-1,
1692-2,
1692-4,2 16382
1692-5,
1692-6,
1692-7,
1692-15,
5183-20,
5183-1,
5183-2,
5183-4,2 16382
5183-5,
5183-6,
5183-7,
5183-15,
6030-20,
6030-1,
6030-2,
6030-4,2 16382
6030-5,
6030-6,
6030-7,
6030-15,
6255-20,
6255-1,
6255-2,
6255-4,2 16382
6255-5,
6255-6,
6255-7,
6255-15,
4318-20,
4318-1,
4318-2,
4318-4,2 16382
4318-5,
4318-6,
4318-7,
4318-15,
652-20,
652-1,
652-2,
652-4,2 16382
652-5,
652-6,
652-7,
652-15,
3656-20,
3656-1,
3656-2,
3656-4,2 16382
3656-5,
3656-6,
3656-7,
3656-15,
6233-20,
6233-1,
6233-2,
6233-4,2 16382
6233-5,
6233-6,
6233-7,
6233-15,
3600-20,
3600-1,
3600-2,
3600-4,2 16382
3600-5,
3600-6,
3600-7,
3600-15,
2574-20,
2574-1,
2574-2,
2574-4,2 16382
2574-5,
2574-6,
2574-7,
2574-15,
2661-20,
2661-1,
2661-2,
2661-4,2 16382
2661-5,
2661-6,
2661-7,
2661-15,
732-20,
732-1,
732-2,
732-4,2 16382
732-5,
732-6,
732-7,
732-15,
5919-20,
5919-1,
5919-2,
5919-4,2 16382
5919-5,
5919-6,
5919-7,
5919-15,
6265-20,
6265-1,
6265-2,
6265-4,2 16382
6265-5,
6265-6,
6265-7,
6265-15,
6303-20,
6303-1,
6303-2,
6303-4,2 16382
6303-5,
6303-6,
6303-7,
6303-15,
1956-20,
1956-1,
1956-2,
1956-4,2 16382
1956-5,
1956-6,
1956-7,
1956-15,
987-20,
987-1,
987-2,
987-4,2 16382
987-5,
987-6,
987-7,
987-15,
3369-20,
3369-1,
3369-2,
3369-4,2 16382
3369-5,
3369-6,
3369-7,
3369-15,
2262-20,
2262-1,
2262-2,
2262-4,2 16382
2262-5,
2262-6,
2262-7,
2262-15,
1967-20,
1967-1,
1967-2,
1967-4,2 16382
1967-5,
1967-6,
1967-7,
1967-15,
1276-20,
1276-1,
1276-2,
1276-4,2 16382
1276-5,
1276-6,
1276-7,
1276-15,
5902-20,
5902-1,
5902-2,
5902-4,2 16382
5902-5,
5902-6,
5902-7,
5902-15,
6580-20,
6580-1,
6580-2,
6580-4,2 16382
6580-5,
6580-6,
6580-7,
6580-15,
1799-20,
1799-1,
1799-2,
1799-4,2 16382
1799-5,
1799-6,
1799-7,
1799-15,
3057-20,
3057-1,
3057-2,
3057-4,2 16382
3057-5,
3057-6,
3057-7,
3057-15,
3357-20,
3357-1,
3357-2,
3357-4,2 16382
3357-5,
3357-6,
3357-7,
3357-15,
3721-20,
3721-1,
3721-2,
3721-4,2 16382
3721-5,
3721-6,
3721-7,
3721-15,
4107-20,
4107-1,
4107-2,
4107-4,2 16382
4107-5,
4107-6,
4107-7,
4107-15,
4995-20,
4995-1,
4995-2,
4995-4,2 16382
4995-5,
4995-6,
4995-7,
4995-15,
4555-20,
4555-1,
4555-2,
4555-4,2 16382
4555-5,
4555-6,
4555-7,
4555-15,
833-20,
833-1,
833-2,
833-4,2 16382
833-5,
833-6,
833-7,
833-15,
1136-20,
1136-1,
1136-2,
1136-4,2 16382
1136-5,
1136-6,
1136-7,
1136-15,
4813-20,
4813-1,
4813-2,
4813-4,2 16382
4813-5,
4813-6,
4813-7,
4813-15,
4772-20,
4772-1,
4772-2,
4772-4,2 16382
4772-5,
4772-6,
4772-7,
4772-15,
1442-20,
1442-1,
1442-2,
1442-4,2 16382
1442-5,
1442-6,
1442-7,
1442-15,
3210-20,
3210-1,
3210-2,
3210-4,2 16382
3210-5,
3210-6,
3210-7,
3210-15,
3961-20,
3961-1,
3961-2,
3961-4,2 16382
3961-5,
3961-6,
3961-7,
3961-15,
2134-20,
2134-1,
2134-2,
2134-4,2 16382
2134-5,
2134-6,
2134-7,
2134-15,
6499-20,
6499-1,
6499-2,
6499-4,2 16382
6499-5,
6499-6,
6499-7,
6499-15,
4042-20,
4042-1,
4042-2,
4042-4,2 16382
4042-5,
4042-6,
4042-7,
4042-15,
2768-20,
2768-1,
2768-2,
2768-4,2 16382
2768-5,
2768-6,
2768-7,
2768-15,
3549-20,
3549-1,
3549-2,
3549-4,2 16382
3549-5,
3549-6,
3549-7,
3549-15,
5404-20,
5404-1,
5404-2,
5404-4,2 16382
5404-5,
5404-6,
5404-7,
5404-15,
1230-20,
1230-1,
1230-2,
1230-4,2 16382
1230-5,
1230-6,
1230-7,
1230-15,
1660-20,
1660-1,
1660-2,
1660-4,2 16382
1660-5,
1660-6,
1660-7,
1660-15,
1392-20,
1392-1,
1392-2,
1392-4,2 16382
1392-5,
1392-6,
1392-7,
1392-15,
2992-20,
2992-1,
2992-2,
2992-4,2 16382
2992-5,
2992-6,
2992-7,
2992-15,
